Timestamp,Total_Power_Usage_17/F
2025-06-26 11:00:00,40.89
2025-06-26 12:00:00,42.03
2025-06-26 13:00:00,42.75
2025-06-26 14:00:00,39.14
2025-06-26 15:00:00,40.48
2025-06-26 16:00:00,40.35
2025-06-26 17:00:00,40.37
2025-06-26 18:00:00,38.99
2025-06-26 19:00:00,32.48
2025-06-26 20:00:00,27.89
2025-06-26 21:00:00,16.87
2025-06-26 22:00:00,14.46
2025-06-26 23:00:00,11.7
2025-06-27 00:00:00,10.13
2025-06-27 01:00:00,9.33
2025-06-27 02:00:00,9.89
2025-06-27 03:00:00,9.87
2025-06-27 04:00:00,9.66
2025-06-27 05:00:00,9.64
2025-06-27 06:00:00,12.01
2025-06-27 07:00:00,21.45
2025-06-27 08:00:00,26.96
2025-06-27 09:00:00,34.41
2025-06-27 10:00:00,40.41
2025-06-27 11:00:00,39.97
2025-06-27 12:00:00,38.66
2025-06-27 13:00:00,39.14
2025-06-27 14:00:00,33.71
2025-06-27 15:00:00,36.53
2025-06-27 16:00:00,37.23
2025-06-27 17:00:00,36.55
2025-06-27 18:00:00,34.35
2025-06-27 19:00:00,30.73
2025-06-27 20:00:00,25.98
2025-06-27 21:00:00,18.57
2025-06-27 22:00:00,14.95
2025-06-27 23:00:00,10.2
2025-06-28 00:00:00,9.94
2025-06-28 01:00:00,9.45
2025-06-28 02:00:00,10.78
2025-06-28 03:00:00,9.01
2025-06-28 04:00:00,9.51
2025-06-28 05:00:00,8.69
2025-06-28 06:00:00,9.09
2025-06-28 07:00:00,9.97
2025-06-28 08:00:00,11.18
2025-06-28 09:00:00,13.66
2025-06-28 10:00:00,13.26
2025-06-28 11:00:00,16.19
2025-06-28 12:00:00,14.78
2025-06-28 13:00:00,15.43
2025-06-28 14:00:00,13.64
2025-06-28 15:00:00,14.56
2025-06-28 16:00:00,14.15
2025-06-28 17:00:00,13.88
2025-06-28 18:00:00,12.75
2025-06-28 19:00:00,11.43
2025-06-28 20:00:00,10.87
2025-06-28 21:00:00,12.34
2025-06-28 22:00:00,10.81
2025-06-28 23:00:00,10.58
2025-06-29 00:00:00,9.89
2025-06-29 01:00:00,9.85
2025-06-29 02:00:00,10.76
2025-06-29 03:00:00,9.43
2025-06-29 04:00:00,8.96
2025-06-29 05:00:00,9.24
2025-06-29 06:00:00,8.66
2025-06-29 07:00:00,9.2
2025-06-29 08:00:00,8.92
2025-06-29 09:00:00,10.84
2025-06-29 10:00:00,10.15
2025-06-29 11:00:00,9.91
2025-06-29 12:00:00,12.86
2025-06-29 13:00:00,11.55
2025-06-29 14:00:00,11.28
2025-06-29 15:00:00,10.6
2025-06-29 16:00:00,10.12
2025-06-29 17:00:00,9.84
2025-06-29 18:00:00,10.34
2025-06-29 19:00:00,9.74
2025-06-29 20:00:00,10.23
2025-06-29 21:00:00,9.44
2025-06-29 22:00:00,9.4
2025-06-29 23:00:00,8.83
2025-06-30 00:00:00,9.03
2025-06-30 01:00:00,9.13
2025-06-30 02:00:00,9.07
2025-06-30 03:00:00,8.95
2025-06-30 04:00:00,9.22
2025-06-30 05:00:00,9.82
2025-06-30 06:00:00,11.15
2025-06-30 07:00:00,19.88
2025-06-30 08:00:00,29.33
2025-06-30 09:00:00,35.27
2025-06-30 10:00:00,40.26
2025-06-30 11:00:00,39.48
2025-06-30 12:00:00,40.41
2025-06-30 13:00:00,40.39
2025-06-30 14:00:00,36.52
2025-06-30 15:00:00,39.27
2025-06-30 16:00:00,38.68
2025-06-30 17:00:00,39.67
2025-06-30 18:00:00,37.19
2025-06-30 19:00:00,30.32
2025-06-30 20:00:00,25.38
2025-06-30 21:00:00,15.42
2025-06-30 22:00:00,12.11
2025-06-30 23:00:00,10.38
2025-07-01 00:00:00,10.41
2025-07-01 01:00:00,9.91
2025-07-01 02:00:00,9.62
2025-07-01 03:00:00,9.73
2025-07-01 04:00:00,10.19
2025-07-01 05:00:00,9.65
2025-07-01 06:00:00,9.66
2025-07-01 07:00:00,10.34
2025-07-01 08:00:00,12.76
2025-07-01 09:00:00,12.87
2025-07-01 10:00:00,14.34
2025-07-01 11:00:00,14.36
2025-07-01 12:00:00,15.02
2025-07-01 13:00:00,14.07
2025-07-01 14:00:00,14.05
2025-07-01 15:00:00,13.1
2025-07-01 16:00:00,13.22
2025-07-01 17:00:00,12.86
2025-07-01 18:00:00,12.88
2025-07-01 19:00:00,12.26
2025-07-01 20:00:00,12.63
2025-07-01 21:00:00,11.76
2025-07-01 22:00:00,10.03
2025-07-01 23:00:00,9.07
2025-07-02 00:00:00,9.01
2025-07-02 01:00:00,9.02
2025-07-02 02:00:00,8.83
2025-07-02 03:00:00,9.05
2025-07-02 04:00:00,9.41
2025-07-02 05:00:00,9.76
2025-07-02 06:00:00,11.49
2025-07-02 07:00:00,19.69
2025-07-02 08:00:00,27.38
2025-07-02 09:00:00,36.24
2025-07-02 10:00:00,43.42
2025-07-02 11:00:00,41.34
2025-07-02 12:00:00,40.76
2025-07-02 13:00:00,42.54
2025-07-02 14:00:00,36.71
2025-07-02 15:00:00,37.96
2025-07-02 16:00:00,37.66
2025-07-02 17:00:00,37.25
2025-07-02 18:00:00,36.72
2025-07-02 19:00:00,30.86
2025-07-02 20:00:00,26.44
2025-07-02 21:00:00,19.04
2025-07-02 22:00:00,16.34
2025-07-02 23:00:00,13.24
2025-07-03 00:00:00,10.56
2025-07-03 01:00:00,10.33
2025-07-03 02:00:00,9.54
2025-07-03 03:00:00,9.29
2025-07-03 04:00:00,10.22
2025-07-03 05:00:00,9.94
2025-07-03 06:00:00,11.0
2025-07-03 07:00:00,19.25
2025-07-03 08:00:00,27.31
2025-07-03 09:00:00,35.16
2025-07-03 10:00:00,39.11
2025-07-03 11:00:00,38.91
2025-07-03 12:00:00,40.0
2025-07-03 13:00:00,41.84
2025-07-03 14:00:00,37.14
2025-07-03 15:00:00,37.83
2025-07-03 16:00:00,38.07
2025-07-03 17:00:00,39.96
2025-07-03 18:00:00,38.04
2025-07-03 19:00:00,32.11
2025-07-03 20:00:00,28.87
2025-07-03 21:00:00,21.78
2025-07-03 22:00:00,16.15
2025-07-03 23:00:00,13.43
2025-07-04 00:00:00,9.43
2025-07-04 01:00:00,9.12
2025-07-04 02:00:00,9.32
2025-07-04 03:00:00,9.35
2025-07-04 04:00:00,9.07
2025-07-04 05:00:00,10.06
2025-07-04 06:00:00,11.04
2025-07-04 07:00:00,18.78
2025-07-04 08:00:00,27.42
2025-07-04 09:00:00,33.44
2025-07-04 10:00:00,39.29
2025-07-04 11:00:00,39.73
2025-07-04 12:00:00,39.52
2025-07-04 13:00:00,40.38
2025-07-04 14:00:00,35.81
2025-07-04 15:00:00,36.81
2025-07-04 16:00:00,37.55
2025-07-04 17:00:00,38.04
2025-07-04 18:00:00,36.57
2025-07-04 19:00:00,29.75
2025-07-04 20:00:00,25.29
2025-07-04 21:00:00,18.34
2025-07-04 22:00:00,13.87
2025-07-04 23:00:00,11.08
2025-07-05 00:00:00,10.09
2025-07-05 01:00:00,8.86
2025-07-05 02:00:00,9.36
2025-07-05 03:00:00,8.95
2025-07-05 04:00:00,8.96
2025-07-05 05:00:00,8.71
2025-07-05 06:00:00,9.0
2025-07-05 07:00:00,10.01
2025-07-05 08:00:00,11.35
2025-07-05 09:00:00,12.63
2025-07-05 10:00:00,13.41
2025-07-05 11:00:00,13.71
2025-07-05 12:00:00,13.9
2025-07-05 13:00:00,14.09
2025-07-05 14:00:00,14.16
2025-07-05 15:00:00,13.81
2025-07-05 16:00:00,13.39
2025-07-05 17:00:00,12.34
2025-07-05 18:00:00,13.39
2025-07-05 19:00:00,10.66
2025-07-05 20:00:00,9.74
2025-07-05 21:00:00,11.7
2025-07-05 22:00:00,10.28
2025-07-05 23:00:00,9.19
2025-07-06 00:00:00,8.79
2025-07-06 01:00:00,9.07
2025-07-06 02:00:00,9.4
2025-07-06 03:00:00,9.32
2025-07-06 04:00:00,9.23
2025-07-06 05:00:00,8.93
2025-07-06 06:00:00,8.84
2025-07-06 07:00:00,9.44
2025-07-06 08:00:00,9.69
2025-07-06 09:00:00,15.76
2025-07-06 10:00:00,18.41
2025-07-06 11:00:00,13.33
2025-07-06 12:00:00,9.85
2025-07-06 13:00:00,10.71
2025-07-06 14:00:00,11.19
2025-07-06 15:00:00,9.59
2025-07-06 16:00:00,9.19
2025-07-06 17:00:00,9.5
2025-07-06 18:00:00,9.66
2025-07-06 19:00:00,8.92
2025-07-06 20:00:00,8.93
2025-07-06 21:00:00,10.17
2025-07-06 22:00:00,9.16
2025-07-06 23:00:00,8.93
2025-07-07 00:00:00,9.05
2025-07-07 01:00:00,8.89
2025-07-07 02:00:00,9.05
2025-07-07 03:00:00,8.83
2025-07-07 04:00:00,9.17
2025-07-07 05:00:00,10.2
2025-07-07 06:00:00,11.34
2025-07-07 07:00:00,18.98
2025-07-07 08:00:00,28.85
2025-07-07 09:00:00,36.36
2025-07-07 10:00:00,41.07
2025-07-07 11:00:00,40.05
2025-07-07 12:00:00,41.21
2025-07-07 13:00:00,41.83
2025-07-07 14:00:00,37.45
2025-07-07 15:00:00,38.75
2025-07-07 16:00:00,39.23
2025-07-07 17:00:00,40.04
2025-07-07 18:00:00,39.28
2025-07-07 19:00:00,33.76
2025-07-07 20:00:00,29.37
2025-07-07 21:00:00,20.59
2025-07-07 22:00:00,15.51
2025-07-07 23:00:00,10.84
2025-07-08 00:00:00,9.88
2025-07-08 01:00:00,9.67
2025-07-08 02:00:00,9.63
2025-07-08 03:00:00,9.78
2025-07-08 04:00:00,9.72
2025-07-08 05:00:00,11.02
2025-07-08 06:00:00,11.85
2025-07-08 07:00:00,20.48
2025-07-08 08:00:00,28.3
2025-07-08 09:00:00,37.02
2025-07-08 10:00:00,42.33
2025-07-08 11:00:00,43.07
2025-07-08 12:00:00,42.58
2025-07-08 13:00:00,44.08
2025-07-08 14:00:00,38.59
2025-07-08 15:00:00,39.71
2025-07-08 16:00:00,41.09
2025-07-08 17:00:00,40.39
2025-07-08 18:00:00,39.88
2025-07-08 19:00:00,34.8
2025-07-08 20:00:00,27.24
2025-07-08 21:00:00,19.11
2025-07-08 22:00:00,14.3
2025-07-08 23:00:00,10.83
2025-07-09 00:00:00,10.37
2025-07-09 01:00:00,10.07
2025-07-09 02:00:00,10.0
2025-07-09 03:00:00,10.08
2025-07-09 04:00:00,10.04
2025-07-09 05:00:00,10.5
2025-07-09 06:00:00,11.65
2025-07-09 07:00:00,20.09
2025-07-09 08:00:00,28.21
2025-07-09 09:00:00,35.0
2025-07-09 10:00:00,40.4
2025-07-09 11:00:00,41.0
2025-07-09 12:00:00,42.5
2025-07-09 13:00:00,43.98
2025-07-09 14:00:00,39.16
2025-07-09 15:00:00,
2025-07-09 16:00:00,
2025-07-09 17:00:00,
2025-07-09 18:00:00,
2025-07-09 19:00:00,
2025-07-09 20:00:00,
2025-07-09 21:00:00,
2025-07-09 22:00:00,
2025-07-09 23:00:00,
2025-07-10 00:00:00,
2025-07-10 01:00:00,
2025-07-10 02:00:00,
2025-07-10 03:00:00,
2025-07-10 04:00:00,
2025-07-10 05:00:00,
2025-07-10 06:00:00,
2025-07-10 07:00:00,
2025-07-10 08:00:00,
2025-07-10 09:00:00,
2025-07-10 10:00:00,
2025-07-10 11:00:00,
2025-07-10 12:00:00,
2025-07-10 13:00:00,
2025-07-10 14:00:00,
2025-07-10 15:00:00,
2025-07-10 16:00:00,
2025-07-10 17:00:00,
2025-07-10 18:00:00,
2025-07-10 19:00:00,
2025-07-10 20:00:00,
2025-07-10 21:00:00,
2025-07-10 22:00:00,
2025-07-10 23:00:00,
2025-07-11 00:00:00,
2025-07-11 01:00:00,
2025-07-11 02:00:00,
2025-07-11 03:00:00,
2025-07-11 04:00:00,
2025-07-11 05:00:00,
2025-07-11 06:00:00,
2025-07-11 07:00:00,
2025-07-11 08:00:00,
2025-07-11 09:00:00,
2025-07-11 10:00:00,
2025-07-11 11:00:00,
2025-07-11 12:00:00,
2025-07-11 13:00:00,42.37
2025-07-11 14:00:00,37.23
2025-07-11 15:00:00,38.35
2025-07-11 16:00:00,39.57
2025-07-11 17:00:00,37.38
2025-07-11 18:00:00,36.55
2025-07-11 19:00:00,30.14
2025-07-11 20:00:00,24.75
2025-07-11 21:00:00,15.81
2025-07-11 22:00:00,11.44
2025-07-11 23:00:00,9.76
2025-07-12 00:00:00,8.48
2025-07-12 01:00:00,9.18
2025-07-12 02:00:00,8.98
2025-07-12 03:00:00,8.77
2025-07-12 04:00:00,9.1
2025-07-12 05:00:00,8.39
2025-07-12 06:00:00,8.56
2025-07-12 07:00:00,9.64
2025-07-12 08:00:00,10.24
2025-07-12 09:00:00,11.39
2025-07-12 10:00:00,11.72
2025-07-12 11:00:00,12.21
2025-07-12 12:00:00,11.61
2025-07-12 13:00:00,12.13
2025-07-12 14:00:00,11.28
2025-07-12 15:00:00,12.33
2025-07-12 16:00:00,11.29
2025-07-12 17:00:00,11.31
2025-07-12 18:00:00,10.3
2025-07-12 19:00:00,10.6
2025-07-12 20:00:00,9.63
2025-07-12 21:00:00,12.38
2025-07-12 22:00:00,10.29
2025-07-12 23:00:00,9.17
2025-07-13 00:00:00,9.15
2025-07-13 01:00:00,8.88
2025-07-13 02:00:00,9.76
2025-07-13 03:00:00,9.68
2025-07-13 04:00:00,9.19
2025-07-13 05:00:00,8.45
2025-07-13 06:00:00,8.71
2025-07-13 07:00:00,8.37
2025-07-13 08:00:00,8.75
2025-07-13 09:00:00,8.67
2025-07-13 10:00:00,9.35
2025-07-13 11:00:00,10.24
2025-07-13 12:00:00,10.37
2025-07-13 13:00:00,10.51
2025-07-13 14:00:00,9.0
2025-07-13 15:00:00,9.18
2025-07-13 16:00:00,9.44
2025-07-13 17:00:00,9.37
2025-07-13 18:00:00,9.23
2025-07-13 19:00:00,8.92
2025-07-13 20:00:00,9.84
2025-07-13 21:00:00,9.28
2025-07-13 22:00:00,9.3
2025-07-13 23:00:00,9.14
2025-07-14 00:00:00,8.56
2025-07-14 01:00:00,8.41
2025-07-14 02:00:00,8.75
2025-07-14 03:00:00,8.91
2025-07-14 04:00:00,8.8
2025-07-14 05:00:00,9.7
2025-07-14 06:00:00,10.92
2025-07-14 07:00:00,18.59
2025-07-14 08:00:00,28.14
2025-07-14 09:00:00,34.75
2025-07-14 10:00:00,40.31
2025-07-14 11:00:00,41.06
2025-07-14 12:00:00,42.1
2025-07-14 13:00:00,41.83
2025-07-14 14:00:00,37.9
2025-07-14 15:00:00,38.66
2025-07-14 16:00:00,40.66
2025-07-14 17:00:00,40.18
2025-07-14 18:00:00,39.11
2025-07-14 19:00:00,33.28
2025-07-14 20:00:00,27.81
2025-07-14 21:00:00,18.64
2025-07-14 22:00:00,15.06
2025-07-14 23:00:00,10.6
2025-07-15 00:00:00,9.16
2025-07-15 01:00:00,9.88
2025-07-15 02:00:00,9.95
2025-07-15 03:00:00,9.63
2025-07-15 04:00:00,9.81
2025-07-15 05:00:00,10.13
2025-07-15 06:00:00,11.81
2025-07-15 07:00:00,21.03
2025-07-15 08:00:00,27.74
2025-07-15 09:00:00,37.45
2025-07-15 10:00:00,41.21
2025-07-15 11:00:00,41.59
2025-07-15 12:00:00,42.59
2025-07-15 13:00:00,43.72
2025-07-15 14:00:00,40.53
2025-07-15 15:00:00,40.34
2025-07-15 16:00:00,39.39
2025-07-15 17:00:00,39.37
2025-07-15 18:00:00,39.15
2025-07-15 19:00:00,32.39
2025-07-15 20:00:00,27.01
2025-07-15 21:00:00,18.68
2025-07-15 22:00:00,14.08
2025-07-15 23:00:00,13.25
2025-07-16 00:00:00,9.79
2025-07-16 01:00:00,9.63
2025-07-16 02:00:00,10.28
2025-07-16 03:00:00,9.71
2025-07-16 04:00:00,9.68
2025-07-16 05:00:00,10.71
2025-07-16 06:00:00,11.78
2025-07-16 07:00:00,20.45
2025-07-16 08:00:00,27.89
2025-07-16 09:00:00,36.47
2025-07-16 10:00:00,42.69
2025-07-16 11:00:00,40.77
2025-07-16 12:00:00,42.2
2025-07-16 13:00:00,44.88
2025-07-16 14:00:00,39.11
2025-07-16 15:00:00,39.87
2025-07-16 16:00:00,39.73
2025-07-16 17:00:00,40.63
2025-07-16 18:00:00,38.71
2025-07-16 19:00:00,33.04
2025-07-16 20:00:00,27.73
2025-07-16 21:00:00,17.24
2025-07-16 22:00:00,13.9
2025-07-16 23:00:00,11.47
2025-07-17 00:00:00,9.76
2025-07-17 01:00:00,10.07
2025-07-17 02:00:00,10.0
2025-07-17 03:00:00,9.67
2025-07-17 04:00:00,10.89
2025-07-17 05:00:00,10.59
2025-07-17 06:00:00,11.21
2025-07-17 07:00:00,20.35
2025-07-17 08:00:00,29.36
2025-07-17 09:00:00,36.78
2025-07-17 10:00:00,43.37
2025-07-17 11:00:00,42.49
2025-07-17 12:00:00,42.0
2025-07-17 13:00:00,42.24
2025-07-17 14:00:00,37.73
2025-07-17 15:00:00,38.84
2025-07-17 16:00:00,40.47
2025-07-17 17:00:00,40.18
2025-07-17 18:00:00,39.2
2025-07-17 19:00:00,31.15
2025-07-17 20:00:00,27.01
2025-07-17 21:00:00,19.13
2025-07-17 22:00:00,13.68
2025-07-17 23:00:00,9.75
2025-07-18 00:00:00,8.84
2025-07-18 01:00:00,8.72
2025-07-18 02:00:00,9.16
2025-07-18 03:00:00,9.28
2025-07-18 04:00:00,8.89
2025-07-18 05:00:00,9.44
2025-07-18 06:00:00,10.8
2025-07-18 07:00:00,19.51
2025-07-18 08:00:00,27.46
2025-07-18 09:00:00,37.23
2025-07-18 10:00:00,39.23
2025-07-18 11:00:00,39.05
2025-07-18 12:00:00,39.87
2025-07-18 13:00:00,39.94
2025-07-18 14:00:00,35.38
2025-07-18 15:00:00,37.93
2025-07-18 16:00:00,37.56
2025-07-18 17:00:00,38.76
2025-07-18 18:00:00,34.95
2025-07-18 19:00:00,29.73
2025-07-18 20:00:00,21.91
2025-07-18 21:00:00,15.94
2025-07-18 22:00:00,14.52
2025-07-18 23:00:00,10.6
2025-07-19 00:00:00,9.85
2025-07-19 01:00:00,8.7
2025-07-19 02:00:00,9.84
2025-07-19 03:00:00,8.82
2025-07-19 04:00:00,9.08
2025-07-19 05:00:00,8.98
2025-07-19 06:00:00,8.7
2025-07-19 07:00:00,9.95
2025-07-19 08:00:00,11.53
2025-07-19 09:00:00,12.78
2025-07-19 10:00:00,13.28
2025-07-19 11:00:00,13.17
2025-07-19 12:00:00,14.35
2025-07-19 13:00:00,14.01
2025-07-19 14:00:00,13.1
2025-07-19 15:00:00,13.23
2025-07-19 16:00:00,12.88
2025-07-19 17:00:00,12.44
2025-07-19 18:00:00,13.31
2025-07-19 19:00:00,12.49
2025-07-19 20:00:00,11.55
2025-07-19 21:00:00,12.27
2025-07-19 22:00:00,10.33
2025-07-19 23:00:00,10.08
2025-07-20 00:00:00,9.99
2025-07-20 01:00:00,9.85
2025-07-20 02:00:00,10.43
2025-07-20 03:00:00,9.28
2025-07-20 04:00:00,9.81
2025-07-20 05:00:00,9.47
2025-07-20 06:00:00,9.23
2025-07-20 07:00:00,9.09
2025-07-20 08:00:00,9.34
2025-07-20 09:00:00,9.84
2025-07-20 10:00:00,11.39
2025-07-20 11:00:00,9.43
2025-07-20 12:00:00,9.75
2025-07-20 13:00:00,9.99
2025-07-20 14:00:00,9.6
2025-07-20 15:00:00,9.06
2025-07-20 16:00:00,10.63
2025-07-20 17:00:00,11.67
2025-07-20 18:00:00,9.22
2025-07-20 19:00:00,9.17
2025-07-20 20:00:00,10.59
2025-07-20 21:00:00,10.52
2025-07-20 22:00:00,8.57
2025-07-20 23:00:00,9.02
2025-07-21 00:00:00,8.76
2025-07-21 01:00:00,9.07
2025-07-21 02:00:00,8.74
2025-07-21 03:00:00,8.8
2025-07-21 04:00:00,8.77
2025-07-21 05:00:00,9.4
2025-07-21 06:00:00,10.82
2025-07-21 07:00:00,19.09
2025-07-21 08:00:00,28.12
2025-07-21 09:00:00,35.88
2025-07-21 10:00:00,42.78
2025-07-21 11:00:00,41.61
2025-07-21 12:00:00,41.95
2025-07-21 13:00:00,43.58
2025-07-21 14:00:00,39.3
2025-07-21 15:00:00,41.22
2025-07-21 16:00:00,41.14
2025-07-21 17:00:00,41.24
2025-07-21 18:00:00,40.49
2025-07-21 19:00:00,33.23
2025-07-21 20:00:00,28.26
2025-07-21 21:00:00,19.22
2025-07-21 22:00:00,18.96
2025-07-21 23:00:00,13.68
2025-07-22 00:00:00,10.28
2025-07-22 01:00:00,11.0
2025-07-22 02:00:00,11.0
2025-07-22 03:00:00,10.18
2025-07-22 04:00:00,10.88
2025-07-22 05:00:00,11.4
2025-07-22 06:00:00,12.32
2025-07-22 07:00:00,20.91
2025-07-22 08:00:00,28.92
2025-07-22 09:00:00,39.76
2025-07-22 10:00:00,43.94
2025-07-22 11:00:00,43.34
2025-07-22 12:00:00,42.36
2025-07-22 13:00:00,44.04
2025-07-22 14:00:00,40.0
2025-07-22 15:00:00,40.38
2025-07-22 16:00:00,40.21
2025-07-22 17:00:00,39.62
2025-07-22 18:00:00,38.1
2025-07-22 19:00:00,31.43
2025-07-22 20:00:00,26.94
2025-07-22 21:00:00,19.21
2025-07-22 22:00:00,13.99
2025-07-22 23:00:00,13.01
2025-07-23 00:00:00,10.29
2025-07-23 01:00:00,9.19
2025-07-23 02:00:00,9.26
2025-07-23 03:00:00,9.17
2025-07-23 04:00:00,8.85
2025-07-23 05:00:00,9.87
2025-07-23 06:00:00,11.18
2025-07-23 07:00:00,20.78
2025-07-23 08:00:00,27.41
2025-07-23 09:00:00,35.27
2025-07-23 10:00:00,40.11
2025-07-23 11:00:00,41.2
2025-07-23 12:00:00,42.17
2025-07-23 13:00:00,42.47
2025-07-23 14:00:00,37.02
2025-07-23 15:00:00,40.37
2025-07-23 16:00:00,38.84
2025-07-23 17:00:00,40.26
2025-07-23 18:00:00,38.16
2025-07-23 19:00:00,32.02
2025-07-23 20:00:00,25.43
2025-07-23 21:00:00,17.54
2025-07-23 22:00:00,17.35
2025-07-23 23:00:00,14.75
2025-07-24 00:00:00,10.76
2025-07-24 01:00:00,10.12
2025-07-24 02:00:00,9.77
2025-07-24 03:00:00,8.97
2025-07-24 04:00:00,10.55
2025-07-24 05:00:00,9.99
2025-07-24 06:00:00,10.82
2025-07-24 07:00:00,20.97
2025-07-24 08:00:00,29.53
2025-07-24 09:00:00,37.28
2025-07-24 10:00:00,39.06
2025-07-24 11:00:00,40.59
2025-07-24 12:00:00,41.78
2025-07-24 13:00:00,43.15
2025-07-24 14:00:00,39.75
2025-07-24 15:00:00,41.18
2025-07-24 16:00:00,40.01
2025-07-24 17:00:00,41.48
2025-07-24 18:00:00,38.97
2025-07-24 19:00:00,33.61
2025-07-24 20:00:00,30.26
2025-07-24 21:00:00,21.23
2025-07-24 22:00:00,17.21
2025-07-24 23:00:00,15.27
2025-07-25 00:00:00,10.91
2025-07-25 01:00:00,11.18
2025-07-25 02:00:00,9.97
2025-07-25 03:00:00,9.98
2025-07-25 04:00:00,9.89
2025-07-25 05:00:00,10.58
2025-07-25 06:00:00,11.94
2025-07-25 07:00:00,20.53
2025-07-25 08:00:00,27.9
2025-07-25 09:00:00,39.38
2025-07-25 10:00:00,42.08
2025-07-25 11:00:00,41.45
2025-07-25 12:00:00,41.88
2025-07-25 13:00:00,40.99
2025-07-25 14:00:00,36.88
2025-07-25 15:00:00,39.23
2025-07-25 16:00:00,39.63
2025-07-25 17:00:00,39.82
2025-07-25 18:00:00,37.54
2025-07-25 19:00:00,31.96
2025-07-25 20:00:00,26.97
2025-07-25 21:00:00,18.24
2025-07-25 22:00:00,13.54
2025-07-25 23:00:00,11.77
2025-07-26 00:00:00,10.3
2025-07-26 01:00:00,9.37
2025-07-26 02:00:00,10.44
2025-07-26 03:00:00,9.23
2025-07-26 04:00:00,9.31
2025-07-26 05:00:00,9.14
2025-07-26 06:00:00,9.04
2025-07-26 07:00:00,9.83
2025-07-26 08:00:00,13.35
2025-07-26 09:00:00,16.66
2025-07-26 10:00:00,14.22
2025-07-26 11:00:00,15.65
2025-07-26 12:00:00,15.6
2025-07-26 13:00:00,16.62
2025-07-26 14:00:00,14.87
2025-07-26 15:00:00,13.32
2025-07-26 16:00:00,14.18
2025-07-26 17:00:00,12.33
2025-07-26 18:00:00,13.09
2025-07-26 19:00:00,11.89
2025-07-26 20:00:00,11.79
2025-07-26 21:00:00,12.98
2025-07-26 22:00:00,10.0
2025-07-26 23:00:00,9.72
2025-07-27 00:00:00,8.6
2025-07-27 01:00:00,8.75
2025-07-27 02:00:00,9.31
2025-07-27 03:00:00,9.24
2025-07-27 04:00:00,8.9
2025-07-27 05:00:00,8.93
2025-07-27 06:00:00,8.64
2025-07-27 07:00:00,8.63
2025-07-27 08:00:00,8.77
2025-07-27 09:00:00,10.96
2025-07-27 10:00:00,18.32
2025-07-27 11:00:00,22.85
2025-07-27 12:00:00,22.4
2025-07-27 13:00:00,18.06
2025-07-27 14:00:00,16.85
2025-07-27 15:00:00,15.93
2025-07-27 16:00:00,15.36
2025-07-27 17:00:00,17.23
2025-07-27 18:00:00,10.96
2025-07-27 19:00:00,9.8
2025-07-27 20:00:00,10.79
2025-07-27 21:00:00,10.46
2025-07-27 22:00:00,9.04
2025-07-27 23:00:00,10.37
2025-07-28 00:00:00,9.6
2025-07-28 01:00:00,9.9
2025-07-28 02:00:00,10.19
2025-07-28 03:00:00,8.99
2025-07-28 04:00:00,9.31
2025-07-28 05:00:00,10.62
2025-07-28 06:00:00,11.55
2025-07-28 07:00:00,20.18
2025-07-28 08:00:00,28.85
2025-07-28 09:00:00,37.2
2025-07-28 10:00:00,42.38
2025-07-28 11:00:00,41.4
2025-07-28 12:00:00,39.6
2025-07-28 13:00:00,37.95
2025-07-28 14:00:00,38.88
2025-07-28 15:00:00,39.52
2025-07-28 16:00:00,42.18
2025-07-28 17:00:00,41.16
2025-07-28 18:00:00,38.76
2025-07-28 19:00:00,32.26
2025-07-28 20:00:00,26.86
2025-07-28 21:00:00,17.72
2025-07-28 22:00:00,15.54
2025-07-28 23:00:00,15.5
2025-07-29 00:00:00,10.68
2025-07-29 01:00:00,10.02
2025-07-29 02:00:00,10.19
2025-07-29 03:00:00,10.74
2025-07-29 04:00:00,11.13
2025-07-29 05:00:00,11.19
2025-07-29 06:00:00,12.11
2025-07-29 07:00:00,20.91
2025-07-29 08:00:00,28.0
2025-07-29 09:00:00,38.79
2025-07-29 10:00:00,42.55
2025-07-29 11:00:00,43.02
2025-07-29 12:00:00,42.71
2025-07-29 13:00:00,44.11
2025-07-29 14:00:00,40.31
2025-07-29 15:00:00,40.35
2025-07-29 16:00:00,37.71
2025-07-29 17:00:00,37.02
2025-07-29 18:00:00,40.58
2025-07-29 19:00:00,33.68
2025-07-29 20:00:00,27.88
2025-07-29 21:00:00,16.76
2025-07-29 22:00:00,13.72
2025-07-29 23:00:00,13.62
2025-07-30 00:00:00,10.8
2025-07-30 01:00:00,9.62
2025-07-30 02:00:00,9.75
2025-07-30 03:00:00,9.55
2025-07-30 04:00:00,9.5
2025-07-30 05:00:00,10.4
2025-07-30 06:00:00,11.57
2025-07-30 07:00:00,19.98
2025-07-30 08:00:00,27.43
2025-07-30 09:00:00,34.28
2025-07-30 10:00:00,40.06
2025-07-30 11:00:00,40.7
2025-07-30 12:00:00,41.67
2025-07-30 13:00:00,43.66
2025-07-30 14:00:00,40.06
2025-07-30 15:00:00,40.16
2025-07-30 16:00:00,40.29
2025-07-30 17:00:00,41.01
2025-07-30 18:00:00,39.87
2025-07-30 19:00:00,34.67
2025-07-30 20:00:00,29.32
2025-07-30 21:00:00,19.09
2025-07-30 22:00:00,16.5
2025-07-30 23:00:00,16.05
2025-07-31 00:00:00,11.49
2025-07-31 01:00:00,10.66
2025-07-31 02:00:00,10.86
2025-07-31 03:00:00,9.55
2025-07-31 04:00:00,10.92
2025-07-31 05:00:00,10.67
2025-07-31 06:00:00,11.08
2025-07-31 07:00:00,20.7
2025-07-31 08:00:00,28.43
2025-07-31 09:00:00,36.42
2025-07-31 10:00:00,40.7
2025-07-31 11:00:00,40.52
2025-07-31 12:00:00,40.01
2025-07-31 13:00:00,42.16
2025-07-31 14:00:00,38.4
2025-07-31 15:00:00,39.26
2025-07-31 16:00:00,40.05
2025-07-31 17:00:00,39.49
2025-07-31 18:00:00,40.04
2025-07-31 19:00:00,32.96
2025-07-31 20:00:00,25.64
2025-07-31 21:00:00,15.72
2025-07-31 22:00:00,13.83
2025-07-31 23:00:00,10.91
2025-08-01 00:00:00,9.2
2025-08-01 01:00:00,9.42
2025-08-01 02:00:00,9.66
2025-08-01 03:00:00,9.18
2025-08-01 04:00:00,9.59
2025-08-01 05:00:00,9.68
2025-08-01 06:00:00,11.83
2025-08-01 07:00:00,19.96
2025-08-01 08:00:00,28.21
2025-08-01 09:00:00,37.43
2025-08-01 10:00:00,42.7
2025-08-01 11:00:00,42.29
2025-08-01 12:00:00,43.53
2025-08-01 13:00:00,44.42
2025-08-01 14:00:00,38.79
2025-08-01 15:00:00,40.52
2025-08-01 16:00:00,39.76
2025-08-01 17:00:00,38.59
2025-08-01 18:00:00,37.06
2025-08-01 19:00:00,32.05
2025-08-01 20:00:00,27.41
2025-08-01 21:00:00,16.09
2025-08-01 22:00:00,11.59
2025-08-01 23:00:00,11.19
2025-08-02 00:00:00,10.2
2025-08-02 01:00:00,9.99
2025-08-02 02:00:00,10.68
2025-08-02 03:00:00,9.16
2025-08-02 04:00:00,8.78
2025-08-02 05:00:00,8.91
2025-08-02 06:00:00,8.84
2025-08-02 07:00:00,9.58
2025-08-02 08:00:00,10.65
2025-08-02 09:00:00,13.64
2025-08-02 10:00:00,13.08
2025-08-02 11:00:00,14.78
2025-08-02 12:00:00,14.24
2025-08-02 13:00:00,14.89
2025-08-02 14:00:00,13.57
2025-08-02 15:00:00,12.82
2025-08-02 16:00:00,12.87
2025-08-02 17:00:00,12.88
2025-08-02 18:00:00,12.18
2025-08-02 19:00:00,11.96
2025-08-02 20:00:00,11.21
2025-08-02 21:00:00,11.33
2025-08-02 22:00:00,10.28
2025-08-02 23:00:00,10.41
2025-08-03 00:00:00,9.65
2025-08-03 01:00:00,10.55
2025-08-03 02:00:00,10.47
2025-08-03 03:00:00,9.59
2025-08-03 04:00:00,9.15
2025-08-03 05:00:00,8.68
2025-08-03 06:00:00,8.36
2025-08-03 07:00:00,8.69
2025-08-03 08:00:00,8.78
2025-08-03 09:00:00,9.35
2025-08-03 10:00:00,12.47
2025-08-03 11:00:00,11.45
2025-08-03 12:00:00,12.78
2025-08-03 13:00:00,12.02
2025-08-03 14:00:00,12.27
2025-08-03 15:00:00,11.75
2025-08-03 16:00:00,11.48
2025-08-03 17:00:00,10.0
2025-08-03 18:00:00,9.75
2025-08-03 19:00:00,9.38
2025-08-03 20:00:00,9.05
2025-08-03 21:00:00,11.09
2025-08-03 22:00:00,10.82
2025-08-03 23:00:00,9.01
2025-08-04 00:00:00,8.75
2025-08-04 01:00:00,8.84
2025-08-04 02:00:00,8.5
2025-08-04 03:00:00,8.92
2025-08-04 04:00:00,9.1
2025-08-04 05:00:00,8.86
2025-08-04 06:00:00,11.04
2025-08-04 07:00:00,18.34
2025-08-04 08:00:00,28.29
2025-08-04 09:00:00,35.18
2025-08-04 10:00:00,42.04
2025-08-04 11:00:00,42.35
2025-08-04 12:00:00,42.01
2025-08-04 13:00:00,43.44
2025-08-04 14:00:00,40.04
2025-08-04 15:00:00,40.22
2025-08-04 16:00:00,40.5
2025-08-04 17:00:00,39.51
2025-08-04 18:00:00,39.7
2025-08-04 19:00:00,33.46
2025-08-04 20:00:00,27.31
2025-08-04 21:00:00,19.12
2025-08-04 22:00:00,15.46
2025-08-04 23:00:00,12.44
2025-08-05 00:00:00,11.32
2025-08-05 01:00:00,11.24
2025-08-05 02:00:00,11.61
2025-08-05 03:00:00,11.08
2025-08-05 04:00:00,10.3
2025-08-05 05:00:00,10.54
2025-08-05 06:00:00,11.34
2025-08-05 07:00:00,19.45
2025-08-05 08:00:00,25.19
2025-08-05 09:00:00,26.56
2025-08-05 10:00:00,25.6
2025-08-05 11:00:00,27.05
2025-08-05 12:00:00,27.17
2025-08-05 13:00:00,27.36
2025-08-05 14:00:00,25.23
2025-08-05 15:00:00,26.88
2025-08-05 16:00:00,25.68
2025-08-05 17:00:00,26.74
2025-08-05 18:00:00,25.5
2025-08-05 19:00:00,20.62
2025-08-05 20:00:00,16.68
2025-08-05 21:00:00,12.71
2025-08-05 22:00:00,10.21
2025-08-05 23:00:00,10.11
2025-08-06 00:00:00,8.57
2025-08-06 01:00:00,9.29
2025-08-06 02:00:00,8.98
2025-08-06 03:00:00,9.22
2025-08-06 04:00:00,9.17
2025-08-06 05:00:00,9.81
2025-08-06 06:00:00,11.39
2025-08-06 07:00:00,19.3
2025-08-06 08:00:00,27.19
2025-08-06 09:00:00,34.43
2025-08-06 10:00:00,40.61
2025-08-06 11:00:00,42.29
2025-08-06 12:00:00,42.59
2025-08-06 13:00:00,44.42
2025-08-06 14:00:00,38.6
2025-08-06 15:00:00,34.83
2025-08-06 16:00:00,39.03
2025-08-06 17:00:00,39.18
2025-08-06 18:00:00,38.54
2025-08-06 19:00:00,32.7
2025-08-06 20:00:00,27.77
2025-08-06 21:00:00,17.81
2025-08-06 22:00:00,14.52
2025-08-06 23:00:00,12.22
2025-08-07 00:00:00,11.25
2025-08-07 01:00:00,9.74
2025-08-07 02:00:00,9.89
2025-08-07 03:00:00,9.35
2025-08-07 04:00:00,9.45
2025-08-07 05:00:00,9.93
2025-08-07 06:00:00,11.39
2025-08-07 07:00:00,20.94
2025-08-07 08:00:00,28.29
2025-08-07 09:00:00,36.52
2025-08-07 10:00:00,42.21
2025-08-07 11:00:00,41.85
2025-08-07 12:00:00,41.28
2025-08-07 13:00:00,42.13
2025-08-07 14:00:00,36.97
2025-08-07 15:00:00,39.71
2025-08-07 16:00:00,39.65
2025-08-07 17:00:00,40.6
2025-08-07 18:00:00,38.82
2025-08-07 19:00:00,33.09
2025-08-07 20:00:00,27.38
2025-08-07 21:00:00,18.8
2025-08-07 22:00:00,
2025-08-07 23:00:00,10.88
2025-08-08 00:00:00,9.41
2025-08-08 01:00:00,9.21
2025-08-08 02:00:00,9.37
2025-08-08 03:00:00,8.78
2025-08-08 04:00:00,9.16
2025-08-08 05:00:00,10.23
2025-08-08 06:00:00,11.19
2025-08-08 07:00:00,20.56
2025-08-08 08:00:00,28.97
2025-08-08 09:00:00,38.3
2025-08-08 10:00:00,37.98
2025-08-08 11:00:00,42.51
2025-08-08 12:00:00,41.96
2025-08-08 13:00:00,42.17
2025-08-08 14:00:00,39.44
2025-08-08 15:00:00,39.07
2025-08-08 16:00:00,39.89
2025-08-08 17:00:00,38.54
2025-08-08 18:00:00,37.2
2025-08-08 19:00:00,33.15
2025-08-08 20:00:00,29.97
2025-08-08 21:00:00,18.96
2025-08-08 22:00:00,14.91
2025-08-08 23:00:00,13.19
2025-08-09 00:00:00,8.69
2025-08-09 01:00:00,8.98
2025-08-09 02:00:00,9.48
2025-08-09 03:00:00,8.47
2025-08-09 04:00:00,9.3
2025-08-09 05:00:00,8.74
2025-08-09 06:00:00,8.42
2025-08-09 07:00:00,9.74
2025-08-09 08:00:00,10.75
2025-08-09 09:00:00,13.56
2025-08-09 10:00:00,12.92
2025-08-09 11:00:00,13.26
2025-08-09 12:00:00,12.22
2025-08-09 13:00:00,14.06
2025-08-09 14:00:00,12.96
2025-08-09 15:00:00,13.15
2025-08-09 16:00:00,13.41
2025-08-09 17:00:00,12.62
2025-08-09 18:00:00,13.18
2025-08-09 19:00:00,12.46
2025-08-09 20:00:00,9.21
2025-08-09 21:00:00,11.02
2025-08-09 22:00:00,10.51
2025-08-09 23:00:00,9.79
2025-08-10 00:00:00,9.13
2025-08-10 01:00:00,8.94
2025-08-10 02:00:00,9.62
2025-08-10 03:00:00,9.33
2025-08-10 04:00:00,9.55
2025-08-10 05:00:00,9.48
2025-08-10 06:00:00,9.05
2025-08-10 07:00:00,9.5
2025-08-10 08:00:00,9.85
2025-08-10 09:00:00,14.97
2025-08-10 10:00:00,14.88
2025-08-10 11:00:00,16.46
2025-08-10 12:00:00,10.64
2025-08-10 13:00:00,11.13
2025-08-10 14:00:00,10.81
2025-08-10 15:00:00,12.23
2025-08-10 16:00:00,9.9
2025-08-10 17:00:00,10.2
2025-08-10 18:00:00,9.72
2025-08-10 19:00:00,9.97
2025-08-10 20:00:00,9.61
2025-08-10 21:00:00,10.25
2025-08-10 22:00:00,8.63
2025-08-10 23:00:00,9.01
2025-08-11 00:00:00,9.12
2025-08-11 01:00:00,8.69
2025-08-11 02:00:00,8.7
2025-08-11 03:00:00,9.24
2025-08-11 04:00:00,9.4
2025-08-11 05:00:00,9.88
2025-08-11 06:00:00,10.92
2025-08-11 07:00:00,20.04
2025-08-11 08:00:00,27.94
2025-08-11 09:00:00,36.06
2025-08-11 10:00:00,41.9
2025-08-11 11:00:00,42.11
2025-08-11 12:00:00,42.44
2025-08-11 13:00:00,44.45
2025-08-11 14:00:00,40.45
2025-08-11 15:00:00,40.1
2025-08-11 16:00:00,39.94
2025-08-11 17:00:00,40.29
2025-08-11 18:00:00,38.61
2025-08-11 19:00:00,30.84
2025-08-11 20:00:00,28.93
2025-08-11 21:00:00,19.96
2025-08-11 22:00:00,12.98
2025-08-11 23:00:00,11.88
2025-08-12 00:00:00,9.79
2025-08-12 01:00:00,9.73
2025-08-12 02:00:00,10.2
2025-08-12 03:00:00,9.66
2025-08-12 04:00:00,9.79
2025-08-12 05:00:00,10.84
2025-08-12 06:00:00,15.17
2025-08-12 07:00:00,19.35
2025-08-12 08:00:00,26.83
2025-08-12 09:00:00,37.66
2025-08-12 10:00:00,42.54
2025-08-12 11:00:00,42.67
2025-08-12 12:00:00,42.75
2025-08-12 13:00:00,43.86
2025-08-12 14:00:00,40.26
2025-08-12 15:00:00,40.93
2025-08-12 16:00:00,41.15
2025-08-12 17:00:00,41.23
2025-08-12 18:00:00,39.82
2025-08-12 19:00:00,33.82
2025-08-12 20:00:00,28.5
2025-08-12 21:00:00,16.99
2025-08-12 22:00:00,12.86
2025-08-12 23:00:00,11.51
2025-08-13 00:00:00,9.59
2025-08-13 01:00:00,9.16
2025-08-13 02:00:00,9.43
2025-08-13 03:00:00,10.09
2025-08-13 04:00:00,9.34
2025-08-13 05:00:00,10.3
2025-08-13 06:00:00,11.91
2025-08-13 07:00:00,20.54
2025-08-13 08:00:00,26.74
2025-08-13 09:00:00,34.17
2025-08-13 10:00:00,39.75
2025-08-13 11:00:00,41.18
2025-08-13 12:00:00,41.97
2025-08-13 13:00:00,45.59
2025-08-13 14:00:00,40.55
2025-08-13 15:00:00,39.9
2025-08-13 16:00:00,40.49
2025-08-13 17:00:00,40.71
2025-08-13 18:00:00,39.18
2025-08-13 19:00:00,32.36
2025-08-13 20:00:00,26.73
2025-08-13 21:00:00,20.66
2025-08-13 22:00:00,15.28
2025-08-13 23:00:00,11.88
2025-08-14 00:00:00,9.0
2025-08-14 01:00:00,9.73
2025-08-14 02:00:00,9.6
2025-08-14 03:00:00,8.78
2025-08-14 04:00:00,10.77
2025-08-14 05:00:00,10.5
2025-08-14 06:00:00,11.37
2025-08-14 07:00:00,19.79
2025-08-14 08:00:00,27.39
2025-08-14 09:00:00,34.49
2025-08-14 10:00:00,35.74
2025-08-14 11:00:00,35.61
2025-08-14 12:00:00,36.32
2025-08-14 13:00:00,35.43
2025-08-14 14:00:00,37.8
2025-08-14 15:00:00,39.13
2025-08-14 16:00:00,37.93
2025-08-14 17:00:00,37.28
2025-08-14 18:00:00,36.64
2025-08-14 19:00:00,32.35
2025-08-14 20:00:00,26.44
2025-08-14 21:00:00,17.3
2025-08-14 22:00:00,15.87
2025-08-14 23:00:00,11.05
2025-08-15 00:00:00,11.02
2025-08-15 01:00:00,10.18
2025-08-15 02:00:00,10.63
2025-08-15 03:00:00,9.73
2025-08-15 04:00:00,9.23
2025-08-15 05:00:00,10.32
2025-08-15 06:00:00,11.11
2025-08-15 07:00:00,19.25
2025-08-15 08:00:00,26.97
2025-08-15 09:00:00,35.77
2025-08-15 10:00:00,41.34
2025-08-15 11:00:00,40.64
2025-08-15 12:00:00,41.44
2025-08-15 13:00:00,43.03
2025-08-15 14:00:00,37.81
2025-08-15 15:00:00,38.9
2025-08-15 16:00:00,39.55
2025-08-15 17:00:00,38.46
2025-08-15 18:00:00,36.85
2025-08-15 19:00:00,31.42
2025-08-15 20:00:00,26.83
2025-08-15 21:00:00,15.13
2025-08-15 22:00:00,8.52
2025-08-15 23:00:00,10.59
2025-08-16 00:00:00,9.19
2025-08-16 01:00:00,9.63
2025-08-16 02:00:00,9.83
2025-08-16 03:00:00,9.93
2025-08-16 04:00:00,8.92
2025-08-16 05:00:00,9.11
2025-08-16 06:00:00,8.67
2025-08-16 07:00:00,9.6
2025-08-16 08:00:00,10.57
2025-08-16 09:00:00,13.45
2025-08-16 10:00:00,13.83
2025-08-16 11:00:00,12.68
2025-08-16 12:00:00,7.66
2025-08-16 13:00:00,12.4
2025-08-16 14:00:00,13.62
2025-08-16 15:00:00,13.34
2025-08-16 16:00:00,12.28
2025-08-16 17:00:00,11.67
2025-08-16 18:00:00,9.13
2025-08-16 19:00:00,11.98
2025-08-16 20:00:00,9.85
2025-08-16 21:00:00,12.3
2025-08-16 22:00:00,9.89
2025-08-16 23:00:00,9.08
2025-08-17 00:00:00,
2025-08-17 01:00:00,8.39
2025-08-17 02:00:00,9.86
2025-08-17 03:00:00,9.39
2025-08-17 04:00:00,8.67
2025-08-17 05:00:00,8.75
2025-08-17 06:00:00,
2025-08-17 07:00:00,8.62
2025-08-17 08:00:00,8.85
2025-08-17 09:00:00,9.2
2025-08-17 10:00:00,10.67
2025-08-17 11:00:00,12.34
2025-08-17 12:00:00,10.7
2025-08-17 13:00:00,10.62
2025-08-17 14:00:00,14.19
2025-08-17 15:00:00,11.08
2025-08-17 16:00:00,10.28
2025-08-17 17:00:00,10.17
2025-08-17 18:00:00,9.7
2025-08-17 19:00:00,9.48
2025-08-17 20:00:00,9.12
2025-08-17 21:00:00,10.48
2025-08-17 22:00:00,9.03
2025-08-17 23:00:00,9.25
2025-08-18 00:00:00,9.57
2025-08-18 01:00:00,9.19
2025-08-18 02:00:00,9.18
2025-08-18 03:00:00,9.5
2025-08-18 04:00:00,9.46
2025-08-18 05:00:00,9.31
2025-08-18 06:00:00,13.05
2025-08-18 07:00:00,19.48
2025-08-18 08:00:00,26.56
2025-08-18 09:00:00,33.39
2025-08-18 10:00:00,39.85
2025-08-18 11:00:00,39.61
2025-08-18 12:00:00,39.76
2025-08-18 13:00:00,41.93
2025-08-18 14:00:00,35.61
2025-08-18 15:00:00,38.76
2025-08-18 16:00:00,38.23
2025-08-18 17:00:00,37.64
2025-08-18 18:00:00,36.34
2025-08-18 19:00:00,30.44
2025-08-18 20:00:00,26.21
2025-08-18 21:00:00,16.79
2025-08-18 22:00:00,13.84
2025-08-18 23:00:00,12.61
2025-08-19 00:00:00,9.32
2025-08-19 01:00:00,9.82
2025-08-19 02:00:00,10.23
2025-08-19 03:00:00,9.69
2025-08-19 04:00:00,10.02
2025-08-19 05:00:00,10.76
2025-08-19 06:00:00,12.55
2025-08-19 07:00:00,20.19
2025-08-19 08:00:00,28.1
2025-08-19 09:00:00,36.92
2025-08-19 10:00:00,41.28
2025-08-19 11:00:00,40.68
2025-08-19 12:00:00,40.19
2025-08-19 13:00:00,42.62
2025-08-19 14:00:00,37.76
2025-08-19 15:00:00,38.85
2025-08-19 16:00:00,38.76
2025-08-19 17:00:00,38.54
2025-08-19 18:00:00,38.02
2025-08-19 19:00:00,31.92
2025-08-19 20:00:00,26.43
2025-08-19 21:00:00,18.91
2025-08-19 22:00:00,14.18
2025-08-19 23:00:00,12.57
2025-08-20 00:00:00,10.43
2025-08-20 01:00:00,9.15
2025-08-20 02:00:00,9.55
2025-08-20 03:00:00,9.0
2025-08-20 04:00:00,9.31
2025-08-20 05:00:00,9.94
2025-08-20 06:00:00,11.37
2025-08-20 07:00:00,18.91
2025-08-20 08:00:00,22.55
2025-08-20 09:00:00,33.2
2025-08-20 10:00:00,38.44
2025-08-20 11:00:00,38.16
2025-08-20 12:00:00,39.95
2025-08-20 13:00:00,40.97
2025-08-20 14:00:00,35.65
2025-08-20 15:00:00,39.21
2025-08-20 16:00:00,38.69
2025-08-20 17:00:00,37.11
2025-08-20 18:00:00,35.51
2025-08-20 19:00:00,30.12
2025-08-20 20:00:00,25.66
2025-08-20 21:00:00,17.6
2025-08-20 22:00:00,11.22
2025-08-20 23:00:00,10.78
2025-08-21 00:00:00,9.71
2025-08-21 01:00:00,9.22
2025-08-21 02:00:00,8.83
2025-08-21 03:00:00,8.66
2025-08-21 04:00:00,10.71
2025-08-21 05:00:00,9.62
2025-08-21 06:00:00,10.47
2025-08-21 07:00:00,19.84
2025-08-21 08:00:00,28.16
2025-08-21 09:00:00,35.66
2025-08-21 10:00:00,41.33
2025-08-21 11:00:00,40.15
2025-08-21 12:00:00,40.86
2025-08-21 13:00:00,42.88
2025-08-21 14:00:00,38.42
2025-08-21 15:00:00,40.49
2025-08-21 16:00:00,40.42
2025-08-21 17:00:00,40.29
2025-08-21 18:00:00,39.58
2025-08-21 19:00:00,32.99
2025-08-21 20:00:00,26.13
2025-08-21 21:00:00,15.95
2025-08-21 22:00:00,10.93
2025-08-21 23:00:00,9.76
2025-08-22 00:00:00,8.56
2025-08-22 01:00:00,8.88
2025-08-22 02:00:00,9.56
2025-08-22 03:00:00,9.02
2025-08-22 04:00:00,9.14
2025-08-22 05:00:00,9.92
2025-08-22 06:00:00,10.87
2025-08-22 07:00:00,20.84
2025-08-22 08:00:00,26.77
2025-08-22 09:00:00,35.86
2025-08-22 10:00:00,40.43
2025-08-22 11:00:00,41.04
2025-08-22 12:00:00,41.89
2025-08-22 13:00:00,42.54
2025-08-22 14:00:00,37.72
2025-08-22 15:00:00,39.21
2025-08-22 16:00:00,39.11
2025-08-22 17:00:00,39.55
2025-08-22 18:00:00,39.07
2025-08-22 19:00:00,32.63
2025-08-22 20:00:00,27.1
2025-08-22 21:00:00,17.98
2025-08-22 22:00:00,12.41
2025-08-22 23:00:00,9.67
2025-08-23 00:00:00,9.16
2025-08-23 01:00:00,9.22
2025-08-23 02:00:00,9.16
2025-08-23 03:00:00,9.03
2025-08-23 04:00:00,8.72
2025-08-23 05:00:00,8.68
2025-08-23 06:00:00,8.44
2025-08-23 07:00:00,9.31
2025-08-23 08:00:00,10.96
2025-08-23 09:00:00,12.99
2025-08-23 10:00:00,14.87
2025-08-23 11:00:00,13.25
2025-08-23 12:00:00,13.96
2025-08-23 13:00:00,14.17
2025-08-23 14:00:00,13.42
2025-08-23 15:00:00,13.92
2025-08-23 16:00:00,13.64
2025-08-23 17:00:00,12.51
2025-08-23 18:00:00,12.35
2025-08-23 19:00:00,13.53
2025-08-23 20:00:00,12.47
2025-08-23 21:00:00,13.46
2025-08-23 22:00:00,12.05
2025-08-23 23:00:00,10.29
2025-08-24 00:00:00,10.18
2025-08-24 01:00:00,9.23
2025-08-24 02:00:00,9.05
2025-08-24 03:00:00,8.58
2025-08-24 04:00:00,8.86
2025-08-24 05:00:00,8.51
2025-08-24 06:00:00,8.25
2025-08-24 07:00:00,8.86
2025-08-24 08:00:00,8.93
2025-08-24 09:00:00,9.12
2025-08-24 10:00:00,9.93
2025-08-24 11:00:00,9.44
2025-08-24 12:00:00,10.77
2025-08-24 13:00:00,9.92
2025-08-24 14:00:00,10.79
2025-08-24 15:00:00,9.73
2025-08-24 16:00:00,9.48
2025-08-24 17:00:00,9.29
2025-08-24 18:00:00,9.21
2025-08-24 19:00:00,8.7
2025-08-24 20:00:00,9.38
2025-08-24 21:00:00,9.65
2025-08-24 22:00:00,8.28
2025-08-24 23:00:00,9.72
2025-08-25 00:00:00,9.86
2025-08-25 01:00:00,8.87
2025-08-25 02:00:00,8.17
2025-08-25 03:00:00,8.35
2025-08-25 04:00:00,8.83
2025-08-25 05:00:00,9.41
2025-08-25 06:00:00,10.8
2025-08-25 07:00:00,19.12
2025-08-25 08:00:00,26.68
2025-08-25 09:00:00,35.2
2025-08-25 10:00:00,42.09
2025-08-25 11:00:00,35.45
2025-08-25 12:00:00,
2025-08-25 13:00:00,37.96
2025-08-25 14:00:00,38.07
2025-08-25 15:00:00,38.4
2025-08-25 16:00:00,37.42
2025-08-25 17:00:00,38.65
2025-08-25 18:00:00,37.8
2025-08-25 19:00:00,31.42
2025-08-25 20:00:00,26.67
2025-08-25 21:00:00,19.19
2025-08-25 22:00:00,14.05
2025-08-25 23:00:00,10.62
2025-08-26 00:00:00,9.12
2025-08-26 01:00:00,9.93
2025-08-26 02:00:00,10.2
2025-08-26 03:00:00,9.21
2025-08-26 04:00:00,9.79
2025-08-26 05:00:00,10.82
2025-08-26 06:00:00,11.39
2025-08-26 07:00:00,20.79
2025-08-26 08:00:00,27.61
2025-08-26 09:00:00,36.16
2025-08-26 10:00:00,41.2
2025-08-26 11:00:00,41.97
2025-08-26 12:00:00,42.62
2025-08-26 13:00:00,41.28
2025-08-26 14:00:00,36.9
2025-08-26 15:00:00,39.65
2025-08-26 16:00:00,40.16
2025-08-26 17:00:00,41.39
2025-08-26 18:00:00,38.05
2025-08-26 19:00:00,32.57
2025-08-26 20:00:00,27.86
2025-08-26 21:00:00,18.19
2025-08-26 22:00:00,13.51
2025-08-26 23:00:00,11.31
2025-08-27 00:00:00,8.56
2025-08-27 01:00:00,9.28
2025-08-27 02:00:00,9.42
2025-08-27 03:00:00,8.76
2025-08-27 04:00:00,10.26
2025-08-27 05:00:00,10.29
2025-08-27 06:00:00,10.94
2025-08-27 07:00:00,20.44
2025-08-27 08:00:00,26.9
2025-08-27 09:00:00,34.2
2025-08-27 10:00:00,38.47
2025-08-27 11:00:00,38.48
2025-08-27 12:00:00,38.34
2025-08-27 13:00:00,41.18
2025-08-27 14:00:00,34.69
2025-08-27 15:00:00,37.94
2025-08-27 16:00:00,38.26
2025-08-27 17:00:00,39.2
2025-08-27 18:00:00,37.06
2025-08-27 19:00:00,31.37
2025-08-27 20:00:00,26.27
2025-08-27 21:00:00,18.61
2025-08-27 22:00:00,14.67
2025-08-27 23:00:00,11.63
2025-08-28 00:00:00,9.8
2025-08-28 01:00:00,9.53
2025-08-28 02:00:00,9.11
2025-08-28 03:00:00,9.09
2025-08-28 04:00:00,9.42
2025-08-28 05:00:00,9.95
2025-08-28 06:00:00,11.44
2025-08-28 07:00:00,20.5
2025-08-28 08:00:00,27.18
2025-08-28 09:00:00,35.69
2025-08-28 10:00:00,41.5
2025-08-28 11:00:00,40.47
2025-08-28 12:00:00,42.22
2025-08-28 13:00:00,42.76
2025-08-28 14:00:00,39.01
2025-08-28 15:00:00,41.0
2025-08-28 16:00:00,40.31
2025-08-28 17:00:00,40.39
2025-08-28 18:00:00,37.7
2025-08-28 19:00:00,30.34
2025-08-28 20:00:00,24.41
2025-08-28 21:00:00,16.01
2025-08-28 22:00:00,12.62
2025-08-28 23:00:00,10.11
2025-08-29 00:00:00,9.38
2025-08-29 01:00:00,8.68
2025-08-29 02:00:00,9.26
2025-08-29 03:00:00,9.13
2025-08-29 04:00:00,9.21
2025-08-29 05:00:00,10.21
2025-08-29 06:00:00,11.3
2025-08-29 07:00:00,20.61
2025-08-29 08:00:00,27.38
2025-08-29 09:00:00,37.26
2025-08-29 10:00:00,41.58
2025-08-29 11:00:00,41.38
2025-08-29 12:00:00,41.76
2025-08-29 13:00:00,42.43
2025-08-29 14:00:00,37.75
2025-08-29 15:00:00,38.16
2025-08-29 16:00:00,38.22
2025-08-29 17:00:00,39.1
2025-08-29 18:00:00,36.94
2025-08-29 19:00:00,29.62
2025-08-29 20:00:00,22.8
2025-08-29 21:00:00,15.82
2025-08-29 22:00:00,11.54
2025-08-29 23:00:00,9.9
2025-08-30 00:00:00,9.93
2025-08-30 01:00:00,9.1
2025-08-30 02:00:00,9.36
2025-08-30 03:00:00,9.3
2025-08-30 04:00:00,8.86
2025-08-30 05:00:00,8.93
2025-08-30 06:00:00,8.68
2025-08-30 07:00:00,9.01
2025-08-30 08:00:00,10.93
2025-08-30 09:00:00,12.56
2025-08-30 10:00:00,12.55
2025-08-30 11:00:00,14.19
2025-08-30 12:00:00,12.25
2025-08-30 13:00:00,13.43
2025-08-30 14:00:00,13.78
2025-08-30 15:00:00,13.23
2025-08-30 16:00:00,13.16
2025-08-30 17:00:00,11.32
2025-08-30 18:00:00,10.99
2025-08-30 19:00:00,11.06
2025-08-30 20:00:00,10.02
2025-08-30 21:00:00,11.6
2025-08-30 22:00:00,10.89
2025-08-30 23:00:00,9.53
2025-08-31 00:00:00,8.79
2025-08-31 01:00:00,8.92
2025-08-31 02:00:00,9.22
2025-08-31 03:00:00,8.62
2025-08-31 04:00:00,8.72
2025-08-31 05:00:00,8.91
2025-08-31 06:00:00,8.63
2025-08-31 07:00:00,8.44
2025-08-31 08:00:00,8.63
2025-08-31 09:00:00,9.16
2025-08-31 10:00:00,9.31
2025-08-31 11:00:00,10.8
2025-08-31 12:00:00,10.75
2025-08-31 13:00:00,10.06
2025-08-31 14:00:00,10.48
2025-08-31 15:00:00,10.51
2025-08-31 16:00:00,10.04
2025-08-31 17:00:00,9.84
2025-08-31 18:00:00,10.11
2025-08-31 19:00:00,9.73
2025-08-31 20:00:00,9.92
2025-08-31 21:00:00,10.03
2025-08-31 22:00:00,9.57
2025-08-31 23:00:00,8.77
2025-09-01 00:00:00,8.79
2025-09-01 01:00:00,8.42
2025-09-01 02:00:00,8.74
2025-09-01 03:00:00,8.94
2025-09-01 04:00:00,8.83
2025-09-01 05:00:00,9.98
2025-09-01 06:00:00,10.61
2025-09-01 07:00:00,19.8
2025-09-01 08:00:00,25.54
2025-09-01 09:00:00,34.47
2025-09-01 10:00:00,39.69
2025-09-01 11:00:00,39.33
2025-09-01 12:00:00,39.68
2025-09-01 13:00:00,41.56
2025-09-01 14:00:00,36.59
2025-09-01 15:00:00,38.22
2025-09-01 16:00:00,38.84
2025-09-01 17:00:00,38.89
2025-09-01 18:00:00,38.16
2025-09-01 19:00:00,32.78
2025-09-01 20:00:00,27.59
2025-09-01 21:00:00,20.34
2025-09-01 22:00:00,17.67
2025-09-01 23:00:00,12.43
2025-09-02 00:00:00,9.66
2025-09-02 01:00:00,10.05
2025-09-02 02:00:00,9.37
2025-09-02 03:00:00,10.16
2025-09-02 04:00:00,9.84
2025-09-02 05:00:00,10.94
2025-09-02 06:00:00,11.85
2025-09-02 07:00:00,21.38
2025-09-02 08:00:00,26.84
2025-09-02 09:00:00,36.64
2025-09-02 10:00:00,43.12
2025-09-02 11:00:00,42.28
2025-09-02 12:00:00,41.98
2025-09-02 13:00:00,42.64
2025-09-02 14:00:00,34.87
2025-09-02 15:00:00,38.89
2025-09-02 16:00:00,38.52
2025-09-02 17:00:00,39.33
2025-09-02 18:00:00,37.85
2025-09-02 19:00:00,32.13
2025-09-02 20:00:00,25.95
2025-09-02 21:00:00,18.4
2025-09-02 22:00:00,12.37
2025-09-02 23:00:00,11.01
2025-09-03 00:00:00,9.1
2025-09-03 01:00:00,8.82
2025-09-03 02:00:00,9.18
2025-09-03 03:00:00,9.09
2025-09-03 04:00:00,9.18
2025-09-03 05:00:00,10.04
2025-09-03 06:00:00,10.88
2025-09-03 07:00:00,20.9
2025-09-03 08:00:00,26.92
2025-09-03 09:00:00,34.11
2025-09-03 10:00:00,37.23
2025-09-03 11:00:00,40.2
2025-09-03 12:00:00,40.91
2025-09-03 13:00:00,43.78
2025-09-03 14:00:00,38.72
2025-09-03 15:00:00,38.29
2025-09-03 16:00:00,38.74
2025-09-03 17:00:00,39.3
2025-09-03 18:00:00,38.31
2025-09-03 19:00:00,30.86
2025-09-03 20:00:00,24.96
2025-09-03 21:00:00,17.73
2025-09-03 22:00:00,13.83
2025-09-03 23:00:00,13.15
2025-09-04 00:00:00,10.15
2025-09-04 01:00:00,10.53
2025-09-04 02:00:00,10.78
2025-09-04 03:00:00,9.64
2025-09-04 04:00:00,10.51
2025-09-04 05:00:00,10.36
2025-09-04 06:00:00,11.5
2025-09-04 07:00:00,20.58
2025-09-04 08:00:00,27.94
2025-09-04 09:00:00,35.81
2025-09-04 10:00:00,40.36
2025-09-04 11:00:00,40.33
2025-09-04 12:00:00,40.81
2025-09-04 13:00:00,42.21
2025-09-04 14:00:00,36.22
2025-09-04 15:00:00,38.66
2025-09-04 16:00:00,38.59
2025-09-04 17:00:00,38.94
2025-09-04 18:00:00,38.48
2025-09-04 19:00:00,32.57
2025-09-04 20:00:00,28.06
2025-09-04 21:00:00,18.84
2025-09-04 22:00:00,15.48
2025-09-04 23:00:00,12.88
2025-09-05 00:00:00,10.72
2025-09-05 01:00:00,9.73
2025-09-05 02:00:00,10.02
2025-09-05 03:00:00,9.66
2025-09-05 04:00:00,9.71
2025-09-05 05:00:00,10.39
2025-09-05 06:00:00,11.25
2025-09-05 07:00:00,20.53
2025-09-05 08:00:00,28.79
2025-09-05 09:00:00,31.68
2025-09-05 10:00:00,32.3
2025-09-05 11:00:00,32.76
2025-09-05 12:00:00,35.36
2025-09-05 13:00:00,35.2
2025-09-05 14:00:00,33.61
2025-09-05 15:00:00,35.35
2025-09-05 16:00:00,33.76
2025-09-05 17:00:00,33.98
2025-09-05 18:00:00,34.1
2025-09-05 19:00:00,31.48
2025-09-05 20:00:00,27.83
2025-09-05 21:00:00,22.29
2025-09-05 22:00:00,14.68
2025-09-05 23:00:00,10.37
2025-09-06 00:00:00,9.04
2025-09-06 01:00:00,9.42
2025-09-06 02:00:00,9.06
2025-09-06 03:00:00,9.02
2025-09-06 04:00:00,9.16
2025-09-06 05:00:00,8.57
2025-09-06 06:00:00,8.64
2025-09-06 07:00:00,9.35
2025-09-06 08:00:00,12.18
2025-09-06 09:00:00,14.73
2025-09-06 10:00:00,13.53
2025-09-06 11:00:00,16.21
2025-09-06 12:00:00,14.53
2025-09-06 13:00:00,12.47
2025-09-06 14:00:00,12.04
2025-09-06 15:00:00,12.27
2025-09-06 16:00:00,12.24
2025-09-06 17:00:00,11.28
2025-09-06 18:00:00,11.95
2025-09-06 19:00:00,10.89
2025-09-06 20:00:00,11.11
2025-09-06 21:00:00,11.85
2025-09-06 22:00:00,10.91
2025-09-06 23:00:00,9.43
2025-09-07 00:00:00,8.4
2025-09-07 01:00:00,8.56
2025-09-07 02:00:00,9.63
2025-09-07 03:00:00,8.88
2025-09-07 04:00:00,8.85
2025-09-07 05:00:00,8.87
2025-09-07 06:00:00,8.9
2025-09-07 07:00:00,8.36
2025-09-07 08:00:00,12.18
2025-09-07 09:00:00,16.84
2025-09-07 10:00:00,17.44
2025-09-07 11:00:00,13.39
2025-09-07 12:00:00,12.54
2025-09-07 13:00:00,11.44
2025-09-07 14:00:00,11.77
2025-09-07 15:00:00,9.84
2025-09-07 16:00:00,10.39
2025-09-07 17:00:00,11.23
2025-09-07 18:00:00,10.09
2025-09-07 19:00:00,9.09
2025-09-07 20:00:00,9.05
2025-09-07 21:00:00,10.36
2025-09-07 22:00:00,9.79
2025-09-07 23:00:00,9.7
2025-09-08 00:00:00,10.44
2025-09-08 01:00:00,10.62
2025-09-08 02:00:00,9.37
2025-09-08 03:00:00,9.34
2025-09-08 04:00:00,9.35
2025-09-08 05:00:00,9.41
2025-09-08 06:00:00,9.16
2025-09-08 07:00:00,8.78
2025-09-08 08:00:00,12.61
2025-09-08 09:00:00,16.1
2025-09-08 10:00:00,15.3
2025-09-08 11:00:00,16.65
2025-09-08 12:00:00,17.07
2025-09-08 13:00:00,16.24
2025-09-08 14:00:00,19.31
2025-09-08 15:00:00,25.35
2025-09-08 16:00:00,25.71
2025-09-08 17:00:00,26.56
2025-09-08 18:00:00,26.09
2025-09-08 19:00:00,22.55
2025-09-08 20:00:00,21.13
2025-09-08 21:00:00,14.53
2025-09-08 22:00:00,10.61
2025-09-08 23:00:00,9.46
2025-09-09 00:00:00,9.03
2025-09-09 01:00:00,8.84
2025-09-09 02:00:00,9.97
2025-09-09 03:00:00,9.21
2025-09-09 04:00:00,9.18
2025-09-09 05:00:00,10.21
2025-09-09 06:00:00,11.25
2025-09-09 07:00:00,20.72
2025-09-09 08:00:00,28.34
2025-09-09 09:00:00,38.23
2025-09-09 10:00:00,42.92
2025-09-09 11:00:00,44.04
2025-09-09 12:00:00,43.83
2025-09-09 13:00:00,43.46
2025-09-09 14:00:00,39.2
2025-09-09 15:00:00,40.03
2025-09-09 16:00:00,40.75
2025-09-09 17:00:00,40.81
2025-09-09 18:00:00,37.96
2025-09-09 19:00:00,32.21
2025-09-09 20:00:00,29.11
2025-09-09 21:00:00,19.69
2025-09-09 22:00:00,13.23
2025-09-09 23:00:00,9.95
2025-09-10 00:00:00,8.77
2025-09-10 01:00:00,8.84
2025-09-10 02:00:00,9.8
2025-09-10 03:00:00,9.51
2025-09-10 04:00:00,9.63
2025-09-10 05:00:00,9.89
2025-09-10 06:00:00,11.3
2025-09-10 07:00:00,20.06
2025-09-10 08:00:00,27.24
2025-09-10 09:00:00,34.05
2025-09-10 10:00:00,41.05
2025-09-10 11:00:00,39.45
2025-09-10 12:00:00,39.93
2025-09-10 13:00:00,42.0
2025-09-10 14:00:00,37.49
2025-09-10 15:00:00,39.4
2025-09-10 16:00:00,38.97
2025-09-10 17:00:00,39.78
2025-09-10 18:00:00,36.98
2025-09-10 19:00:00,31.07
2025-09-10 20:00:00,26.57
2025-09-10 21:00:00,17.58
2025-09-10 22:00:00,14.39
2025-09-10 23:00:00,13.07
2025-09-11 00:00:00,11.15
2025-09-11 01:00:00,9.41
2025-09-11 02:00:00,9.87
2025-09-11 03:00:00,9.17
2025-09-11 04:00:00,10.54
2025-09-11 05:00:00,10.3
2025-09-11 06:00:00,11.18
2025-09-11 07:00:00,19.92
2025-09-11 08:00:00,28.51
2025-09-11 09:00:00,35.97
2025-09-11 10:00:00,41.4
2025-09-11 11:00:00,40.32
2025-09-11 12:00:00,40.67
2025-09-11 13:00:00,42.68
2025-09-11 14:00:00,36.34
2025-09-11 15:00:00,39.38
2025-09-11 16:00:00,39.24
2025-09-11 17:00:00,39.79
2025-09-11 18:00:00,37.38
2025-09-11 19:00:00,32.18
2025-09-11 20:00:00,26.49
2025-09-11 21:00:00,16.63
2025-09-11 22:00:00,13.2
2025-09-11 23:00:00,10.4
2025-09-12 00:00:00,10.47
2025-09-12 01:00:00,9.61
2025-09-12 02:00:00,9.45
2025-09-12 03:00:00,9.02
2025-09-12 04:00:00,9.25
2025-09-12 05:00:00,10.21
2025-09-12 06:00:00,11.45
2025-09-12 07:00:00,20.22
2025-09-12 08:00:00,28.21
2025-09-12 09:00:00,35.86
2025-09-12 10:00:00,40.07
2025-09-12 11:00:00,39.16
2025-09-12 12:00:00,40.85
2025-09-12 13:00:00,39.88
2025-09-12 14:00:00,35.84
2025-09-12 15:00:00,36.92
2025-09-12 16:00:00,37.26
2025-09-12 17:00:00,37.9
2025-09-12 18:00:00,36.22
2025-09-12 19:00:00,30.46
2025-09-12 20:00:00,25.0
2025-09-12 21:00:00,15.17
2025-09-12 22:00:00,12.44
2025-09-12 23:00:00,10.16
2025-09-13 00:00:00,8.56
2025-09-13 01:00:00,8.25
2025-09-13 02:00:00,9.57
2025-09-13 03:00:00,8.58
2025-09-13 04:00:00,8.81
2025-09-13 05:00:00,9.0
2025-09-13 06:00:00,9.0
2025-09-13 07:00:00,9.26
2025-09-13 08:00:00,10.72
2025-09-13 09:00:00,12.62
2025-09-13 10:00:00,11.69
2025-09-13 11:00:00,11.98
2025-09-13 12:00:00,11.98
2025-09-13 13:00:00,12.23
2025-09-13 14:00:00,11.67
2025-09-13 15:00:00,11.34
2025-09-13 16:00:00,10.73
2025-09-13 17:00:00,10.37
2025-09-13 18:00:00,10.84
2025-09-13 19:00:00,10.4
2025-09-13 20:00:00,8.67
2025-09-13 21:00:00,11.26
2025-09-13 22:00:00,10.13
2025-09-13 23:00:00,8.81
2025-09-14 00:00:00,8.75
2025-09-14 01:00:00,8.88
2025-09-14 02:00:00,9.43
2025-09-14 03:00:00,8.66
2025-09-14 04:00:00,8.68
2025-09-14 05:00:00,8.9
2025-09-14 06:00:00,8.72
2025-09-14 07:00:00,8.2
2025-09-14 08:00:00,8.42
2025-09-14 09:00:00,9.17
2025-09-14 10:00:00,9.23
2025-09-14 11:00:00,14.46
2025-09-14 12:00:00,9.59
2025-09-14 13:00:00,9.1
2025-09-14 14:00:00,9.22
2025-09-14 15:00:00,9.11
2025-09-14 16:00:00,8.89
2025-09-14 17:00:00,9.12
2025-09-14 18:00:00,9.37
2025-09-14 19:00:00,9.08
2025-09-14 20:00:00,9.49
2025-09-14 21:00:00,9.05
2025-09-14 22:00:00,8.78
2025-09-14 23:00:00,8.66
2025-09-15 00:00:00,8.91
2025-09-15 01:00:00,8.34
2025-09-15 02:00:00,8.94
2025-09-15 03:00:00,8.58
2025-09-15 04:00:00,8.7
2025-09-15 05:00:00,9.41
2025-09-15 06:00:00,10.63
2025-09-15 07:00:00,19.65
2025-09-15 08:00:00,28.08
2025-09-15 09:00:00,34.54
2025-09-15 10:00:00,39.11
2025-09-15 11:00:00,39.29
2025-09-15 12:00:00,40.28
2025-09-15 13:00:00,42.4
2025-09-15 14:00:00,37.51
2025-09-15 15:00:00,39.51
2025-09-15 16:00:00,39.02
2025-09-15 17:00:00,38.08
2025-09-15 18:00:00,36.49
2025-09-15 19:00:00,30.34
2025-09-15 20:00:00,26.28
2025-09-15 21:00:00,19.68
2025-09-15 22:00:00,13.44
2025-09-15 23:00:00,9.68
2025-09-16 00:00:00,9.49
2025-09-16 01:00:00,9.6
2025-09-16 02:00:00,9.99
2025-09-16 03:00:00,9.64
2025-09-16 04:00:00,9.48
2025-09-16 05:00:00,10.3
2025-09-16 06:00:00,11.56
2025-09-16 07:00:00,20.76
2025-09-16 08:00:00,28.06
2025-09-16 09:00:00,36.97
2025-09-16 10:00:00,41.51
2025-09-16 11:00:00,41.28
2025-09-16 12:00:00,41.23
2025-09-16 13:00:00,41.81
2025-09-16 14:00:00,35.88
2025-09-16 15:00:00,40.02
2025-09-16 16:00:00,40.39
2025-09-16 17:00:00,40.5
2025-09-16 18:00:00,39.19
2025-09-16 19:00:00,33.64
2025-09-16 20:00:00,27.05
2025-09-16 21:00:00,17.88
2025-09-16 22:00:00,13.3
2025-09-16 23:00:00,11.04
2025-09-17 00:00:00,8.77
2025-09-17 01:00:00,9.19
2025-09-17 02:00:00,9.43
2025-09-17 03:00:00,8.61
2025-09-17 04:00:00,10.01
2025-09-17 05:00:00,9.88
2025-09-17 06:00:00,11.24
2025-09-17 07:00:00,20.0
2025-09-17 08:00:00,28.29
2025-09-17 09:00:00,35.41
2025-09-17 10:00:00,42.85
2025-09-17 11:00:00,41.91
2025-09-17 12:00:00,40.69
2025-09-17 13:00:00,42.81
2025-09-17 14:00:00,37.59
2025-09-17 15:00:00,39.29
2025-09-17 16:00:00,37.43
2025-09-17 17:00:00,38.3
2025-09-17 18:00:00,35.97
2025-09-17 19:00:00,30.45
2025-09-17 20:00:00,23.85
2025-09-17 21:00:00,16.01
2025-09-17 22:00:00,12.07
2025-09-17 23:00:00,9.81
2025-09-18 00:00:00,8.92
2025-09-18 01:00:00,9.57
2025-09-18 02:00:00,8.86
2025-09-18 03:00:00,8.87
2025-09-18 04:00:00,10.1
2025-09-18 05:00:00,9.86
2025-09-18 06:00:00,12.01
2025-09-18 07:00:00,20.6
2025-09-18 08:00:00,27.9
2025-09-18 09:00:00,36.5
2025-09-18 10:00:00,41.04
2025-09-18 11:00:00,41.51
2025-09-18 12:00:00,41.73
2025-09-18 13:00:00,42.41
2025-09-18 14:00:00,37.58
2025-09-18 15:00:00,40.34
2025-09-18 16:00:00,39.92
2025-09-18 17:00:00,39.43
2025-09-18 18:00:00,38.25
2025-09-18 19:00:00,
2025-09-18 20:00:00,27.12
2025-09-18 21:00:00,16.66
2025-09-18 22:00:00,13.26
2025-09-18 23:00:00,11.64
2025-09-19 00:00:00,8.59
2025-09-19 01:00:00,9.4
2025-09-19 02:00:00,10.19
2025-09-19 03:00:00,9.15
2025-09-19 04:00:00,9.24
2025-09-19 05:00:00,9.92
2025-09-19 06:00:00,11.27
2025-09-19 07:00:00,19.79
2025-09-19 08:00:00,27.72
2025-09-19 09:00:00,35.8
2025-09-19 10:00:00,40.06
2025-09-19 11:00:00,40.58
2025-09-19 12:00:00,40.94
2025-09-19 13:00:00,41.75
2025-09-19 14:00:00,36.15
2025-09-19 15:00:00,40.1
2025-09-19 16:00:00,40.19
2025-09-19 17:00:00,39.51
2025-09-19 18:00:00,37.88
2025-09-19 19:00:00,31.8
2025-09-19 20:00:00,26.0
2025-09-19 21:00:00,15.93
2025-09-19 22:00:00,12.7
2025-09-19 23:00:00,9.06
2025-09-20 00:00:00,9.16
2025-09-20 01:00:00,9.69
2025-09-20 02:00:00,9.08
2025-09-20 03:00:00,8.65
2025-09-20 04:00:00,8.54
2025-09-20 05:00:00,8.66
2025-09-20 06:00:00,8.8
2025-09-20 07:00:00,8.93
2025-09-20 08:00:00,10.6
2025-09-20 09:00:00,12.7
2025-09-20 10:00:00,11.84
2025-09-20 11:00:00,11.45
2025-09-20 12:00:00,11.21
2025-09-20 13:00:00,12.43
2025-09-20 14:00:00,12.09
2025-09-20 15:00:00,10.9
2025-09-20 16:00:00,9.89
2025-09-20 17:00:00,10.11
2025-09-20 18:00:00,9.85
2025-09-20 19:00:00,9.73
2025-09-20 20:00:00,10.13
2025-09-20 21:00:00,11.61
2025-09-20 22:00:00,10.22
2025-09-20 23:00:00,8.66
2025-09-21 00:00:00,8.26
2025-09-21 01:00:00,9.15
2025-09-21 02:00:00,9.44
2025-09-21 03:00:00,8.74
2025-09-21 04:00:00,8.27
2025-09-21 05:00:00,8.55
2025-09-21 06:00:00,8.72
2025-09-21 07:00:00,8.74
2025-09-21 08:00:00,8.38
2025-09-21 09:00:00,10.95
2025-09-21 10:00:00,11.77
2025-09-21 11:00:00,9.83
2025-09-21 12:00:00,9.59
2025-09-21 13:00:00,9.68
2025-09-21 14:00:00,10.88
2025-09-21 15:00:00,10.67
2025-09-21 16:00:00,11.94
2025-09-21 17:00:00,10.03
2025-09-21 18:00:00,10.08
2025-09-21 19:00:00,9.42
2025-09-21 20:00:00,9.59
2025-09-21 21:00:00,8.56
2025-09-21 22:00:00,8.9
2025-09-21 23:00:00,8.73
2025-09-22 00:00:00,8.41
2025-09-22 01:00:00,8.4
2025-09-22 02:00:00,8.82
2025-09-22 03:00:00,8.77
2025-09-22 04:00:00,8.84
2025-09-22 05:00:00,9.89
2025-09-22 06:00:00,11.01
2025-09-22 07:00:00,19.71
2025-09-22 08:00:00,26.84
2025-09-22 09:00:00,34.11
2025-09-22 10:00:00,40.98
2025-09-22 11:00:00,41.04
2025-09-22 12:00:00,41.47
2025-09-22 13:00:00,42.63
2025-09-22 14:00:00,37.94
2025-09-22 15:00:00,38.45
2025-09-22 16:00:00,38.14
2025-09-22 17:00:00,38.18
2025-09-22 18:00:00,36.87
2025-09-22 19:00:00,30.65
2025-09-22 20:00:00,24.68
2025-09-22 21:00:00,15.03
2025-09-22 22:00:00,12.3
2025-09-22 23:00:00,10.87
2025-09-23 00:00:00,9.5
2025-09-23 01:00:00,9.23
2025-09-23 02:00:00,9.81
2025-09-23 03:00:00,8.96
2025-09-23 04:00:00,9.24
2025-09-23 05:00:00,10.08
2025-09-23 06:00:00,11.09
2025-09-23 07:00:00,20.9
2025-09-23 08:00:00,26.94
2025-09-23 09:00:00,28.37
2025-09-23 10:00:00,30.25
2025-09-23 11:00:00,30.48
2025-09-23 12:00:00,29.98
2025-09-23 13:00:00,27.93
2025-09-23 14:00:00,23.05
2025-09-23 15:00:00,19.28
2025-09-23 16:00:00,15.07
2025-09-23 17:00:00,14.47
2025-09-23 18:00:00,14.01
2025-09-23 19:00:00,13.93
2025-09-23 20:00:00,14.27
2025-09-23 21:00:00,11.27
2025-09-23 22:00:00,8.61
2025-09-23 23:00:00,8.27
2025-09-24 00:00:00,9.0
2025-09-24 01:00:00,9.71
2025-09-24 02:00:00,8.55
2025-09-24 03:00:00,8.57
2025-09-24 04:00:00,10.61
2025-09-24 05:00:00,9.59
2025-09-24 06:00:00,9.07
2025-09-24 07:00:00,10.33
2025-09-24 08:00:00,12.96
2025-09-24 09:00:00,13.42
2025-09-24 10:00:00,13.2
2025-09-24 11:00:00,12.74
2025-09-24 12:00:00,13.36
2025-09-24 13:00:00,12.91
2025-09-24 14:00:00,12.8
2025-09-24 15:00:00,12.66
2025-09-24 16:00:00,13.54
2025-09-24 17:00:00,14.85
2025-09-24 18:00:00,13.08
2025-09-24 19:00:00,12.8
2025-09-24 20:00:00,12.68
2025-09-24 21:00:00,11.47
2025-09-24 22:00:00,8.88
2025-09-24 23:00:00,8.36
2025-09-25 00:00:00,8.3
2025-09-25 01:00:00,8.67
2025-09-25 02:00:00,9.21
2025-09-25 03:00:00,8.73
2025-09-25 04:00:00,8.32
2025-09-25 05:00:00,10.71
2025-09-25 06:00:00,11.16
2025-09-25 07:00:00,20.31
2025-09-25 08:00:00,26.78
2025-09-25 09:00:00,36.2
2025-09-25 10:00:00,42.06
2025-09-25 11:00:00,39.83
2025-09-25 12:00:00,41.87
2025-09-25 13:00:00,43.77
2025-09-25 14:00:00,39.35
2025-09-25 15:00:00,40.07
2025-09-25 16:00:00,40.78
2025-09-25 17:00:00,40.1
2025-09-25 18:00:00,39.36
2025-09-25 19:00:00,32.81
2025-09-25 20:00:00,27.7
2025-09-25 21:00:00,16.94
2025-09-25 22:00:00,10.92
2025-09-25 23:00:00,9.97
2025-09-26 00:00:00,8.42
2025-09-26 01:00:00,9.16
2025-09-26 02:00:00,9.68
2025-09-26 03:00:00,9.09
2025-09-26 04:00:00,9.01
2025-09-26 05:00:00,10.79
2025-09-26 06:00:00,10.79
2025-09-26 07:00:00,20.98
2025-09-26 08:00:00,27.4
2025-09-26 09:00:00,33.66
2025-09-26 10:00:00,38.73
2025-09-26 11:00:00,40.89
2025-09-26 12:00:00,41.6
2025-09-26 13:00:00,41.6
2025-09-26 14:00:00,35.8
2025-09-26 15:00:00,38.41
2025-09-26 16:00:00,38.8
2025-09-26 17:00:00,37.41
2025-09-26 18:00:00,37.16
2025-09-26 19:00:00,30.69
2025-09-26 20:00:00,22.01
2025-09-26 21:00:00,13.58
2025-09-26 22:00:00,10.11
2025-09-26 23:00:00,8.72
2025-09-27 00:00:00,9.82
2025-09-27 01:00:00,8.83
2025-09-27 02:00:00,8.92
2025-09-27 03:00:00,8.65
2025-09-27 04:00:00,9.26
2025-09-27 05:00:00,8.8
2025-09-27 06:00:00,8.38
2025-09-27 07:00:00,9.13
2025-09-27 08:00:00,10.55
2025-09-27 09:00:00,14.4
2025-09-27 10:00:00,14.97
2025-09-27 11:00:00,14.56
2025-09-27 12:00:00,14.13
2025-09-27 13:00:00,14.17
2025-09-27 14:00:00,13.49
2025-09-27 15:00:00,11.76
2025-09-27 16:00:00,11.81
2025-09-27 17:00:00,11.78
2025-09-27 18:00:00,12.99
2025-09-27 19:00:00,10.0
2025-09-27 20:00:00,9.38
2025-09-27 21:00:00,12.18
2025-09-27 22:00:00,9.34
2025-09-27 23:00:00,9.0
2025-09-28 00:00:00,8.44
2025-09-28 01:00:00,8.95
2025-09-28 02:00:00,9.33
2025-09-28 03:00:00,8.98
2025-09-28 04:00:00,8.8
2025-09-28 05:00:00,8.96
2025-09-28 06:00:00,8.59
2025-09-28 07:00:00,8.43
2025-09-28 08:00:00,8.71
2025-09-28 09:00:00,10.37
2025-09-28 10:00:00,18.17
2025-09-28 11:00:00,21.86
2025-09-28 12:00:00,26.18
2025-09-28 13:00:00,22.22
2025-09-28 14:00:00,12.89
2025-09-28 15:00:00,20.92
2025-09-28 16:00:00,16.41
2025-09-28 17:00:00,16.74
2025-09-28 18:00:00,13.95
2025-09-28 19:00:00,9.75
2025-09-28 20:00:00,9.78
2025-09-28 21:00:00,10.24
2025-09-28 22:00:00,8.34
2025-09-28 23:00:00,8.61
2025-09-29 00:00:00,8.55
2025-09-29 01:00:00,9.27
2025-09-29 02:00:00,8.23
2025-09-29 03:00:00,8.56
2025-09-29 04:00:00,9.21
2025-09-29 05:00:00,9.58
2025-09-29 06:00:00,10.82
2025-09-29 07:00:00,20.65
2025-09-29 08:00:00,25.59
2025-09-29 09:00:00,35.34
2025-09-29 10:00:00,41.71
2025-09-29 11:00:00,41.14
2025-09-29 12:00:00,42.26
2025-09-29 13:00:00,43.73
2025-09-29 14:00:00,37.71
2025-09-29 15:00:00,
2025-09-29 16:00:00,
2025-09-29 17:00:00,40.66
2025-09-29 18:00:00,39.67
2025-09-29 19:00:00,32.64
2025-09-29 20:00:00,28.4
2025-09-29 21:00:00,19.26
2025-09-29 22:00:00,13.68
2025-09-29 23:00:00,10.22
2025-09-30 00:00:00,9.01
2025-09-30 01:00:00,10.39
2025-09-30 02:00:00,9.83
2025-09-30 03:00:00,8.93
2025-09-30 04:00:00,9.82
2025-09-30 05:00:00,10.4
2025-09-30 06:00:00,10.85
2025-09-30 07:00:00,20.09
2025-09-30 08:00:00,27.76
2025-09-30 09:00:00,37.72
2025-09-30 10:00:00,41.23
2025-09-30 11:00:00,42.04
2025-09-30 12:00:00,42.33
2025-09-30 13:00:00,44.95
2025-09-30 14:00:00,37.89
2025-09-30 15:00:00,38.39
2025-09-30 16:00:00,36.71
2025-09-30 17:00:00,36.48
2025-09-30 18:00:00,36.77
2025-09-30 19:00:00,32.43
2025-09-30 20:00:00,25.27
2025-09-30 21:00:00,17.17
2025-09-30 22:00:00,11.52
2025-09-30 23:00:00,11.4
2025-10-01 00:00:00,10.17
2025-10-01 01:00:00,9.5
2025-10-01 02:00:00,10.11
2025-10-01 03:00:00,9.17
2025-10-01 04:00:00,10.58
2025-10-01 05:00:00,8.71
2025-10-01 06:00:00,9.21
2025-10-01 07:00:00,8.82
2025-10-01 08:00:00,13.01
2025-10-01 09:00:00,13.8
2025-10-01 10:00:00,14.77
2025-10-01 11:00:00,13.82
2025-10-01 12:00:00,15.2
2025-10-01 13:00:00,16.31
2025-10-01 14:00:00,16.56
2025-10-01 15:00:00,14.36
2025-10-01 16:00:00,13.95
2025-10-01 17:00:00,14.71
2025-10-01 18:00:00,14.68
2025-10-01 19:00:00,13.03
2025-10-01 20:00:00,14.54
2025-10-01 21:00:00,11.44
2025-10-01 22:00:00,9.43
2025-10-01 23:00:00,9.28
2025-10-02 00:00:00,8.18
2025-10-02 01:00:00,8.63
2025-10-02 02:00:00,8.84
2025-10-02 03:00:00,8.51
2025-10-02 04:00:00,9.82
2025-10-02 05:00:00,9.84
2025-10-02 06:00:00,10.36
2025-10-02 07:00:00,20.44
2025-10-02 08:00:00,27.19
2025-10-02 09:00:00,35.23
2025-10-02 10:00:00,40.58
2025-10-02 11:00:00,41.07
2025-10-02 12:00:00,40.27
2025-10-02 13:00:00,39.35
2025-10-02 14:00:00,34.6
2025-10-02 15:00:00,38.68
2025-10-02 16:00:00,39.13
2025-10-02 17:00:00,39.97
2025-10-02 18:00:00,37.0
2025-10-02 19:00:00,31.4
2025-10-02 20:00:00,27.5
2025-10-02 21:00:00,15.46
2025-10-02 22:00:00,11.2
2025-10-02 23:00:00,10.17
2025-10-03 00:00:00,8.11
2025-10-03 01:00:00,9.22
2025-10-03 02:00:00,9.16
2025-10-03 03:00:00,8.77
2025-10-03 04:00:00,8.91
2025-10-03 05:00:00,9.95
2025-10-03 06:00:00,10.79
2025-10-03 07:00:00,20.13
2025-10-03 08:00:00,27.15
2025-10-03 09:00:00,36.74
2025-10-03 10:00:00,39.78
2025-10-03 11:00:00,40.26
2025-10-03 12:00:00,40.79
2025-10-03 13:00:00,41.19
2025-10-03 14:00:00,35.63
2025-10-03 15:00:00,37.18
2025-10-03 16:00:00,38.52
2025-10-03 17:00:00,38.08
2025-10-03 18:00:00,36.08
2025-10-03 19:00:00,29.4
2025-10-03 20:00:00,24.12
2025-10-03 21:00:00,13.97
2025-10-03 22:00:00,10.21
2025-10-03 23:00:00,9.23
2025-10-04 00:00:00,8.48
2025-10-04 01:00:00,8.72
2025-10-04 02:00:00,8.97
2025-10-04 03:00:00,8.65
2025-10-04 04:00:00,8.79
2025-10-04 05:00:00,8.33
2025-10-04 06:00:00,8.44
2025-10-04 07:00:00,8.64
2025-10-04 08:00:00,9.36
2025-10-04 09:00:00,12.63
2025-10-04 10:00:00,11.68
2025-10-04 11:00:00,12.27
2025-10-04 12:00:00,11.23
2025-10-04 13:00:00,12.89
2025-10-04 14:00:00,12.17
2025-10-04 15:00:00,12.48
2025-10-04 16:00:00,12.91
2025-10-04 17:00:00,12.14
2025-10-04 18:00:00,11.33
2025-10-04 19:00:00,12.28
2025-10-04 20:00:00,9.39
2025-10-04 21:00:00,10.93
2025-10-04 22:00:00,8.89
2025-10-04 23:00:00,9.34
2025-10-05 00:00:00,9.35
2025-10-05 01:00:00,8.67
2025-10-05 02:00:00,8.91
2025-10-05 03:00:00,8.43
2025-10-05 04:00:00,8.78
2025-10-05 05:00:00,8.46
2025-10-05 06:00:00,8.06
2025-10-05 07:00:00,8.25
2025-10-05 08:00:00,8.52
2025-10-05 09:00:00,9.38
2025-10-05 10:00:00,8.96
2025-10-05 11:00:00,9.54
2025-10-05 12:00:00,9.43
2025-10-05 13:00:00,11.07
2025-10-05 14:00:00,9.78
2025-10-05 15:00:00,10.94
2025-10-05 16:00:00,9.92
2025-10-05 17:00:00,9.47
2025-10-05 18:00:00,9.55
2025-10-05 19:00:00,8.85
2025-10-05 20:00:00,8.85
2025-10-05 21:00:00,8.96
2025-10-05 22:00:00,10.09
2025-10-05 23:00:00,9.11
2025-10-06 00:00:00,10.03
2025-10-06 01:00:00,8.43
2025-10-06 02:00:00,8.27
2025-10-06 03:00:00,8.32
2025-10-06 04:00:00,8.97
2025-10-06 05:00:00,8.23
2025-10-06 06:00:00,9.18
2025-10-06 07:00:00,19.65
2025-10-06 08:00:00,27.98
2025-10-06 09:00:00,34.32
2025-10-06 10:00:00,39.44
2025-10-06 11:00:00,40.03
2025-10-06 12:00:00,39.93
2025-10-06 13:00:00,38.03
2025-10-06 14:00:00,32.82
2025-10-06 15:00:00,30.11
2025-10-06 16:00:00,25.88
2025-10-06 17:00:00,24.5
2025-10-06 18:00:00,23.74
2025-10-06 19:00:00,19.22
2025-10-06 20:00:00,15.09
2025-10-06 21:00:00,12.9
2025-10-06 22:00:00,9.74
2025-10-06 23:00:00,10.26
2025-10-07 00:00:00,9.9
2025-10-07 01:00:00,8.79
2025-10-07 02:00:00,9.73
2025-10-07 03:00:00,8.99
2025-10-07 04:00:00,9.02
2025-10-07 05:00:00,9.2
2025-10-07 06:00:00,9.12
2025-10-07 07:00:00,8.67
2025-10-07 08:00:00,12.13
2025-10-07 09:00:00,12.59
2025-10-07 10:00:00,13.43
2025-10-07 11:00:00,13.6
2025-10-07 12:00:00,13.72
2025-10-07 13:00:00,13.44
2025-10-07 14:00:00,13.41
2025-10-07 15:00:00,13.58
2025-10-07 16:00:00,13.47
2025-10-07 17:00:00,13.12
2025-10-07 18:00:00,12.76
2025-10-07 19:00:00,12.12
2025-10-07 20:00:00,12.56
2025-10-07 21:00:00,10.82
2025-10-07 22:00:00,9.02
2025-10-07 23:00:00,8.53
2025-10-08 00:00:00,8.18
2025-10-08 01:00:00,8.74
2025-10-08 02:00:00,8.57
2025-10-08 03:00:00,8.33
2025-10-08 04:00:00,9.7
2025-10-08 05:00:00,8.2
2025-10-08 06:00:00,9.35
2025-10-08 07:00:00,21.34
2025-10-08 08:00:00,27.17
2025-10-08 09:00:00,37.15
2025-10-08 10:00:00,42.29
2025-10-08 11:00:00,40.56
2025-10-08 12:00:00,41.82
2025-10-08 13:00:00,43.13
2025-10-08 14:00:00,38.45
2025-10-08 15:00:00,39.49
2025-10-08 16:00:00,40.27
2025-10-08 17:00:00,40.71
2025-10-08 18:00:00,39.7
2025-10-08 19:00:00,33.28
2025-10-08 20:00:00,27.84
2025-10-08 21:00:00,16.89
2025-10-08 22:00:00,13.63
2025-10-08 23:00:00,11.54
2025-10-09 00:00:00,9.48
2025-10-09 01:00:00,9.23
2025-10-09 02:00:00,9.17
2025-10-09 03:00:00,9.23
2025-10-09 04:00:00,9.99
2025-10-09 05:00:00,9.57
2025-10-09 06:00:00,11.03
2025-10-09 07:00:00,20.7
2025-10-09 08:00:00,27.25
2025-10-09 09:00:00,36.46
2025-10-09 10:00:00,41.39
2025-10-09 11:00:00,41.12
2025-10-09 12:00:00,41.49
2025-10-09 13:00:00,42.68
2025-10-09 14:00:00,38.95
2025-10-09 15:00:00,40.06
2025-10-09 16:00:00,40.07
2025-10-09 17:00:00,40.27
2025-10-09 18:00:00,39.69
2025-10-09 19:00:00,33.16
2025-10-09 20:00:00,27.99
2025-10-09 21:00:00,16.18
2025-10-09 22:00:00,10.2
2025-10-09 23:00:00,10.17
2025-10-10 00:00:00,8.89
2025-10-10 01:00:00,8.5
2025-10-10 02:00:00,9.35
2025-10-10 03:00:00,9.34
2025-10-10 04:00:00,9.17
2025-10-10 05:00:00,10.22
2025-10-10 06:00:00,10.61
2025-10-10 07:00:00,20.27
2025-10-10 08:00:00,28.55
2025-10-10 09:00:00,36.24
2025-10-10 10:00:00,40.85
2025-10-10 11:00:00,40.14
2025-10-10 12:00:00,41.54
2025-10-10 13:00:00,43.0
2025-10-10 14:00:00,36.63
2025-10-10 15:00:00,37.87
2025-10-10 16:00:00,39.89
2025-10-10 17:00:00,38.51
2025-10-10 18:00:00,37.42
2025-10-10 19:00:00,31.52
2025-10-10 20:00:00,25.78
2025-10-10 21:00:00,16.49
2025-10-10 22:00:00,14.43
2025-10-10 23:00:00,10.49
2025-10-11 00:00:00,10.35
2025-10-11 01:00:00,9.61
2025-10-11 02:00:00,9.71
2025-10-11 03:00:00,9.11
2025-10-11 04:00:00,9.38
2025-10-11 05:00:00,9.08
2025-10-11 06:00:00,9.34
2025-10-11 07:00:00,10.21
2025-10-11 08:00:00,17.31
2025-10-11 09:00:00,25.93
2025-10-11 10:00:00,26.85
2025-10-11 11:00:00,28.56
2025-10-11 12:00:00,30.48
2025-10-11 13:00:00,29.72
2025-10-11 14:00:00,31.26
2025-10-11 15:00:00,31.72
2025-10-11 16:00:00,32.96
2025-10-11 17:00:00,32.59
2025-10-11 18:00:00,27.35
2025-10-11 19:00:00,16.75
2025-10-11 20:00:00,13.39
2025-10-11 21:00:00,12.46
2025-10-11 22:00:00,10.1
2025-10-11 23:00:00,8.75
2025-10-12 00:00:00,8.41
2025-10-12 01:00:00,8.45
2025-10-12 02:00:00,9.3
2025-10-12 03:00:00,8.8
2025-10-12 04:00:00,8.83
2025-10-12 05:00:00,8.46
2025-10-12 06:00:00,8.32
2025-10-12 07:00:00,8.49
2025-10-12 08:00:00,8.52
2025-10-12 09:00:00,15.16
2025-10-12 10:00:00,18.74
2025-10-12 11:00:00,15.54
2025-10-12 12:00:00,10.68
2025-10-12 13:00:00,9.4
2025-10-12 14:00:00,9.83
2025-10-12 15:00:00,9.35
2025-10-12 16:00:00,9.25
2025-10-12 17:00:00,9.22
2025-10-12 18:00:00,9.31
2025-10-12 19:00:00,8.78
2025-10-12 20:00:00,8.97
2025-10-12 21:00:00,9.3
2025-10-12 22:00:00,8.53
2025-10-12 23:00:00,8.52
2025-10-13 00:00:00,8.69
2025-10-13 01:00:00,8.48
2025-10-13 02:00:00,8.52
2025-10-13 03:00:00,8.54
2025-10-13 04:00:00,8.65
2025-10-13 05:00:00,9.6
2025-10-13 06:00:00,11.79
2025-10-13 07:00:00,19.99
2025-10-13 08:00:00,28.36
2025-10-13 09:00:00,36.63
2025-10-13 10:00:00,40.55
2025-10-13 11:00:00,37.67
2025-10-13 12:00:00,38.3
2025-10-13 13:00:00,39.52
2025-10-13 14:00:00,35.52
2025-10-13 15:00:00,36.47
2025-10-13 16:00:00,35.56
2025-10-13 17:00:00,26.16
2025-10-13 18:00:00,5.51
2025-10-13 19:00:00,29.48
2025-10-13 20:00:00,24.41
2025-10-13 21:00:00,17.64
2025-10-13 22:00:00,12.03
2025-10-13 23:00:00,9.8
2025-10-14 00:00:00,10.4
2025-10-14 01:00:00,9.37
2025-10-14 02:00:00,9.67
2025-10-14 03:00:00,9.59
2025-10-14 04:00:00,9.78
2025-10-14 05:00:00,10.81
2025-10-14 06:00:00,10.89
2025-10-14 07:00:00,21.08
2025-10-14 08:00:00,27.68
2025-10-14 09:00:00,37.44
2025-10-14 10:00:00,40.41
2025-10-14 11:00:00,40.61
2025-10-14 12:00:00,41.3
2025-10-14 13:00:00,42.69
2025-10-14 14:00:00,38.52
2025-10-14 15:00:00,37.99
2025-10-14 16:00:00,38.41
2025-10-14 17:00:00,38.24
2025-10-14 18:00:00,36.81
2025-10-14 19:00:00,31.44
2025-10-14 20:00:00,25.06
2025-10-14 21:00:00,17.33
2025-10-14 22:00:00,12.46
2025-10-14 23:00:00,10.29
2025-10-15 00:00:00,10.37
2025-10-15 01:00:00,10.43
2025-10-15 02:00:00,10.27
2025-10-15 03:00:00,10.22
2025-10-15 04:00:00,6.45
2025-10-15 05:00:00,11.07
2025-10-15 06:00:00,11.66
2025-10-15 07:00:00,20.52
2025-10-15 08:00:00,28.1
2025-10-15 09:00:00,35.97
2025-10-15 10:00:00,38.75
2025-10-15 11:00:00,38.33
2025-10-15 12:00:00,38.82
2025-10-15 13:00:00,40.87
2025-10-15 14:00:00,35.89
2025-10-15 15:00:00,37.08
2025-10-15 16:00:00,38.41
2025-10-15 17:00:00,38.32
2025-10-15 18:00:00,36.96
2025-10-15 19:00:00,30.36
2025-10-15 20:00:00,26.5
2025-10-15 21:00:00,21.25
2025-10-15 22:00:00,16.07
2025-10-15 23:00:00,11.01
2025-10-16 00:00:00,9.67
2025-10-16 01:00:00,9.34
2025-10-16 02:00:00,9.58
2025-10-16 03:00:00,9.67
2025-10-16 04:00:00,9.29
2025-10-16 05:00:00,10.56
2025-10-16 06:00:00,11.25
2025-10-16 07:00:00,20.6
2025-10-16 08:00:00,28.49
2025-10-16 09:00:00,36.17
2025-10-16 10:00:00,40.38
2025-10-16 11:00:00,39.4
2025-10-16 12:00:00,40.82
2025-10-16 13:00:00,42.62
2025-10-16 14:00:00,36.82
2025-10-16 15:00:00,38.58
2025-10-16 16:00:00,38.15
2025-10-16 17:00:00,38.34
2025-10-16 18:00:00,37.2
2025-10-16 19:00:00,32.82
2025-10-16 20:00:00,28.14
2025-10-16 21:00:00,18.75
2025-10-16 22:00:00,12.91
2025-10-16 23:00:00,9.92
2025-10-17 00:00:00,10.12
2025-10-17 01:00:00,10.34
2025-10-17 02:00:00,10.36
2025-10-17 03:00:00,9.24
2025-10-17 04:00:00,10.51
2025-10-17 05:00:00,10.56
2025-10-17 06:00:00,10.98
2025-10-17 07:00:00,20.89
2025-10-17 08:00:00,28.17
2025-10-17 09:00:00,36.54
2025-10-17 10:00:00,39.93
2025-10-17 11:00:00,39.64
2025-10-17 12:00:00,40.17
2025-10-17 13:00:00,40.83
2025-10-17 14:00:00,35.87
2025-10-17 15:00:00,36.45
2025-10-17 16:00:00,38.15
2025-10-17 17:00:00,38.32
2025-10-17 18:00:00,36.8
2025-10-17 19:00:00,30.86
2025-10-17 20:00:00,26.0
2025-10-17 21:00:00,16.93
2025-10-17 22:00:00,10.06
2025-10-17 23:00:00,9.09
2025-10-18 00:00:00,9.29
2025-10-18 01:00:00,8.55
2025-10-18 02:00:00,9.09
2025-10-18 03:00:00,9.04
2025-10-18 04:00:00,9.03
2025-10-18 05:00:00,8.6
2025-10-18 06:00:00,8.85
2025-10-18 07:00:00,9.17
2025-10-18 08:00:00,10.49
2025-10-18 09:00:00,13.46
2025-10-18 10:00:00,12.11
2025-10-18 11:00:00,10.82
2025-10-18 12:00:00,12.26
2025-10-18 13:00:00,11.17
2025-10-18 14:00:00,12.03
2025-10-18 15:00:00,11.42
2025-10-18 16:00:00,11.37
2025-10-18 17:00:00,10.59
2025-10-18 18:00:00,11.3
2025-10-18 19:00:00,9.72
2025-10-18 20:00:00,9.54
2025-10-18 21:00:00,11.32
2025-10-18 22:00:00,9.18
2025-10-18 23:00:00,9.01
2025-10-19 00:00:00,10.4
2025-10-19 01:00:00,9.1
2025-10-19 02:00:00,9.45
2025-10-19 03:00:00,9.12
2025-10-19 04:00:00,9.17
2025-10-19 05:00:00,8.68
2025-10-19 06:00:00,8.55
2025-10-19 07:00:00,9.06
2025-10-19 08:00:00,9.44
2025-10-19 09:00:00,9.19
2025-10-19 10:00:00,9.15
2025-10-19 11:00:00,9.24
2025-10-19 12:00:00,9.08
2025-10-19 13:00:00,10.65
2025-10-19 14:00:00,9.34
2025-10-19 15:00:00,9.78
2025-10-19 16:00:00,10.56
2025-10-19 17:00:00,10.09
2025-10-19 18:00:00,9.49
2025-10-19 19:00:00,8.55
2025-10-19 20:00:00,8.41
2025-10-19 21:00:00,9.79
2025-10-19 22:00:00,8.36
2025-10-19 23:00:00,8.77
2025-10-20 00:00:00,8.6
2025-10-20 01:00:00,8.73
2025-10-20 02:00:00,8.6
2025-10-20 03:00:00,8.62
2025-10-20 04:00:00,8.75
2025-10-20 05:00:00,10.58
2025-10-20 06:00:00,10.39
2025-10-20 07:00:00,19.86
2025-10-20 08:00:00,29.32
2025-10-20 09:00:00,35.43
2025-10-20 10:00:00,41.62
2025-10-20 11:00:00,40.36
2025-10-20 12:00:00,39.7
2025-10-20 13:00:00,40.77
2025-10-20 14:00:00,36.09
2025-10-20 15:00:00,38.27
2025-10-20 16:00:00,38.87
2025-10-20 17:00:00,39.01
2025-10-20 18:00:00,36.12
2025-10-20 19:00:00,31.07
2025-10-20 20:00:00,
2025-10-20 21:00:00,17.91
2025-10-20 22:00:00,10.92
2025-10-20 23:00:00,10.17
2025-10-21 00:00:00,9.91
2025-10-21 01:00:00,9.49
2025-10-21 02:00:00,10.33
2025-10-21 03:00:00,9.84
2025-10-21 04:00:00,10.32
2025-10-21 05:00:00,11.07
2025-10-21 06:00:00,11.59
2025-10-21 07:00:00,21.89
2025-10-21 08:00:00,27.04
2025-10-21 09:00:00,37.45
2025-10-21 10:00:00,40.91
2025-10-21 11:00:00,40.82
2025-10-21 12:00:00,41.06
2025-10-21 13:00:00,40.0
2025-10-21 14:00:00,37.07
2025-10-21 15:00:00,36.83
2025-10-21 16:00:00,37.73
2025-10-21 17:00:00,38.23
2025-10-21 18:00:00,37.88
2025-10-21 19:00:00,30.38
2025-10-21 20:00:00,25.98
2025-10-21 21:00:00,16.71
2025-10-21 22:00:00,12.65
2025-10-21 23:00:00,10.02
2025-10-22 00:00:00,8.68
2025-10-22 01:00:00,9.74
2025-10-22 02:00:00,9.5
2025-10-22 03:00:00,8.73
2025-10-22 04:00:00,9.96
2025-10-22 05:00:00,10.16
2025-10-22 06:00:00,11.04
2025-10-22 07:00:00,20.65
2025-10-22 08:00:00,26.39
2025-10-22 09:00:00,34.1
2025-10-22 10:00:00,40.36
2025-10-22 11:00:00,40.11
2025-10-22 12:00:00,40.95
2025-10-22 13:00:00,41.14
2025-10-22 14:00:00,37.72
2025-10-22 15:00:00,38.78
2025-10-22 16:00:00,39.01
2025-10-22 17:00:00,39.44
2025-10-22 18:00:00,37.52
2025-10-22 19:00:00,31.88
2025-10-22 20:00:00,25.78
2025-10-22 21:00:00,17.04
2025-10-22 22:00:00,11.91
2025-10-22 23:00:00,10.61
2025-10-23 00:00:00,9.61
2025-10-23 01:00:00,9.06
2025-10-23 02:00:00,10.21
2025-10-23 03:00:00,9.22
2025-10-23 04:00:00,10.25
2025-10-23 05:00:00,10.72
2025-10-23 06:00:00,11.54
2025-10-23 07:00:00,20.79
2025-10-23 08:00:00,26.97
2025-10-23 09:00:00,35.85
2025-10-23 10:00:00,41.17
2025-10-23 11:00:00,39.49
2025-10-23 12:00:00,40.48
2025-10-23 13:00:00,41.5
2025-10-23 14:00:00,37.49
2025-10-23 15:00:00,38.64
2025-10-23 16:00:00,39.48
2025-10-23 17:00:00,39.28
2025-10-23 18:00:00,38.5
2025-10-23 19:00:00,32.24
2025-10-23 20:00:00,24.6
2025-10-23 21:00:00,15.61
2025-10-23 22:00:00,10.74
2025-10-23 23:00:00,9.91
2025-10-24 00:00:00,9.55
2025-10-24 01:00:00,9.61
2025-10-24 02:00:00,9.57
2025-10-24 03:00:00,9.41
2025-10-24 04:00:00,9.49
2025-10-24 05:00:00,10.51
2025-10-24 06:00:00,11.36
2025-10-24 07:00:00,21.74
2025-10-24 08:00:00,27.37
2025-10-24 09:00:00,36.0
2025-10-24 10:00:00,38.49
2025-10-24 11:00:00,39.85
2025-10-24 12:00:00,40.08
2025-10-24 13:00:00,39.91
2025-10-24 14:00:00,34.58
2025-10-24 15:00:00,36.62
2025-10-24 16:00:00,37.22
2025-10-24 17:00:00,36.4
2025-10-24 18:00:00,35.91
2025-10-24 19:00:00,30.56
2025-10-24 20:00:00,25.82
2025-10-24 21:00:00,14.36
2025-10-24 22:00:00,11.45
2025-10-24 23:00:00,11.14
2025-10-25 00:00:00,9.28
2025-10-25 01:00:00,9.26
2025-10-25 02:00:00,8.88
2025-10-25 03:00:00,8.73
2025-10-25 04:00:00,9.0
2025-10-25 05:00:00,8.28
2025-10-25 06:00:00,9.02
2025-10-25 07:00:00,9.64
2025-10-25 08:00:00,12.66
2025-10-25 09:00:00,18.44
2025-10-25 10:00:00,20.37
2025-10-25 11:00:00,20.69
2025-10-25 12:00:00,21.65
2025-10-25 13:00:00,20.44
2025-10-25 14:00:00,14.17
2025-10-25 15:00:00,21.22
2025-10-25 16:00:00,19.11
2025-10-25 17:00:00,20.6
2025-10-25 18:00:00,18.84
2025-10-25 19:00:00,13.76
2025-10-25 20:00:00,12.28
2025-10-25 21:00:00,10.96
2025-10-25 22:00:00,9.12
2025-10-25 23:00:00,8.54
2025-10-26 00:00:00,8.74
2025-10-26 01:00:00,8.88
2025-10-26 02:00:00,9.48
2025-10-26 03:00:00,8.93
2025-10-26 04:00:00,8.81
2025-10-26 05:00:00,8.41
2025-10-26 06:00:00,8.55
2025-10-26 07:00:00,8.53
2025-10-26 08:00:00,8.75
2025-10-26 09:00:00,10.42
2025-10-26 10:00:00,9.32
2025-10-26 11:00:00,10.69
2025-10-26 12:00:00,9.48
2025-10-26 13:00:00,10.52
2025-10-26 14:00:00,8.68
2025-10-26 15:00:00,8.7
2025-10-26 16:00:00,8.3
2025-10-26 17:00:00,9.0
2025-10-26 18:00:00,8.7
2025-10-26 19:00:00,8.46
2025-10-26 20:00:00,8.7
2025-10-26 21:00:00,9.74
2025-10-26 22:00:00,8.81
2025-10-26 23:00:00,8.77
2025-10-27 00:00:00,8.64
2025-10-27 01:00:00,8.97
2025-10-27 02:00:00,8.57
2025-10-27 03:00:00,8.63
2025-10-27 04:00:00,9.2
2025-10-27 05:00:00,9.93
2025-10-27 06:00:00,10.75
2025-10-27 07:00:00,20.01
2025-10-27 08:00:00,26.31
2025-10-27 09:00:00,34.92
2025-10-27 10:00:00,39.19
2025-10-27 11:00:00,39.96
2025-10-27 12:00:00,39.51
2025-10-27 13:00:00,39.92
2025-10-27 14:00:00,35.66
2025-10-27 15:00:00,37.78
2025-10-27 16:00:00,38.8
2025-10-27 17:00:00,39.22
2025-10-27 18:00:00,38.07
2025-10-27 19:00:00,31.48
2025-10-27 20:00:00,25.76
2025-10-27 21:00:00,18.04
2025-10-27 22:00:00,11.88
2025-10-27 23:00:00,10.94
2025-10-28 00:00:00,9.18
2025-10-28 01:00:00,9.87
2025-10-28 02:00:00,9.81
2025-10-28 03:00:00,9.64
2025-10-28 04:00:00,9.42
2025-10-28 05:00:00,10.62
2025-10-28 06:00:00,11.86
2025-10-28 07:00:00,21.2
2025-10-28 08:00:00,26.41
2025-10-28 09:00:00,35.8
2025-10-28 10:00:00,40.58
2025-10-28 11:00:00,39.59
2025-10-28 12:00:00,40.87
2025-10-28 13:00:00,41.34
2025-10-28 14:00:00,38.12
2025-10-28 15:00:00,38.66
2025-10-28 16:00:00,38.72
2025-10-28 17:00:00,38.61
2025-10-28 18:00:00,37.3
2025-10-28 19:00:00,32.92
2025-10-28 20:00:00,25.83
2025-10-28 21:00:00,15.57
2025-10-28 22:00:00,12.45
2025-10-28 23:00:00,11.79
2025-10-29 00:00:00,10.82
2025-10-29 01:00:00,8.66
2025-10-29 02:00:00,9.34
2025-10-29 03:00:00,8.78
2025-10-29 04:00:00,9.07
2025-10-29 05:00:00,8.54
2025-10-29 06:00:00,8.9
2025-10-29 07:00:00,8.46
2025-10-29 08:00:00,12.12
2025-10-29 09:00:00,12.05
2025-10-29 10:00:00,12.71
2025-10-29 11:00:00,12.72
2025-10-29 12:00:00,13.09
2025-10-29 13:00:00,12.59
2025-10-29 14:00:00,12.92
2025-10-29 15:00:00,14.14
2025-10-29 16:00:00,14.7
2025-10-29 17:00:00,14.45
2025-10-29 18:00:00,13.76
2025-10-29 19:00:00,13.23
2025-10-29 20:00:00,13.72
2025-10-29 21:00:00,11.17
2025-10-29 22:00:00,9.03
2025-10-29 23:00:00,8.5
2025-10-30 00:00:00,8.49
2025-10-30 01:00:00,9.25
2025-10-30 02:00:00,8.73
2025-10-30 03:00:00,8.36
2025-10-30 04:00:00,10.42
2025-10-30 05:00:00,10.63
2025-10-30 06:00:00,10.52
2025-10-30 07:00:00,21.48
2025-10-30 08:00:00,27.13
2025-10-30 09:00:00,35.72
2025-10-30 10:00:00,39.79
2025-10-30 11:00:00,40.04
2025-10-30 12:00:00,41.01
2025-10-30 13:00:00,42.31
2025-10-30 14:00:00,36.77
2025-10-30 15:00:00,38.99
2025-10-30 16:00:00,39.03
2025-10-30 17:00:00,39.19
2025-10-30 18:00:00,37.87
2025-10-30 19:00:00,33.15
2025-10-30 20:00:00,29.44
2025-10-30 21:00:00,19.2
2025-10-30 22:00:00,15.76
2025-10-30 23:00:00,12.42
2025-10-31 00:00:00,10.18
2025-10-31 01:00:00,9.81
2025-10-31 02:00:00,9.94
2025-10-31 03:00:00,9.5
2025-10-31 04:00:00,10.9
2025-10-31 05:00:00,11.05
2025-10-31 06:00:00,11.55
2025-10-31 07:00:00,22.54
2025-10-31 08:00:00,28.61
2025-10-31 09:00:00,36.78
2025-10-31 10:00:00,40.06
2025-10-31 11:00:00,40.44
2025-10-31 12:00:00,40.17
2025-10-31 13:00:00,41.83
2025-10-31 14:00:00,37.58
2025-10-31 15:00:00,38.53
2025-10-31 16:00:00,37.39
2025-10-31 17:00:00,36.35
2025-10-31 18:00:00,35.0
2025-10-31 19:00:00,30.09
2025-10-31 20:00:00,24.62
2025-10-31 21:00:00,16.18
2025-10-31 22:00:00,12.55
2025-10-31 23:00:00,10.86
2025-11-01 00:00:00,9.24
2025-11-01 01:00:00,9.21
2025-11-01 02:00:00,9.12
2025-11-01 03:00:00,8.7
2025-11-01 04:00:00,10.21
2025-11-01 05:00:00,8.97
2025-11-01 06:00:00,8.37
2025-11-01 07:00:00,10.9
2025-11-01 08:00:00,11.28
2025-11-01 09:00:00,13.47
2025-11-01 10:00:00,11.96
2025-11-01 11:00:00,12.76
2025-11-01 12:00:00,11.72
2025-11-01 13:00:00,12.73
2025-11-01 14:00:00,12.59
2025-11-01 15:00:00,12.06
2025-11-01 16:00:00,10.14
2025-11-01 17:00:00,10.81
2025-11-01 18:00:00,10.23
2025-11-01 19:00:00,10.03
2025-11-01 20:00:00,9.33
2025-11-01 21:00:00,11.58
2025-11-01 22:00:00,9.49
2025-11-01 23:00:00,8.62
2025-11-02 00:00:00,8.55
2025-11-02 01:00:00,8.72
2025-11-02 02:00:00,9.52
2025-11-02 03:00:00,8.71
2025-11-02 04:00:00,10.02
2025-11-02 05:00:00,8.88
2025-11-02 06:00:00,8.43
2025-11-02 07:00:00,8.22
2025-11-02 08:00:00,8.7
2025-11-02 09:00:00,9.18
2025-11-02 10:00:00,9.57
2025-11-02 11:00:00,9.65
2025-11-02 12:00:00,9.26
2025-11-02 13:00:00,10.28
2025-11-02 14:00:00,12.91
2025-11-02 15:00:00,10.13
2025-11-02 16:00:00,9.41
2025-11-02 17:00:00,8.96
2025-11-02 18:00:00,9.64
2025-11-02 19:00:00,8.31
2025-11-02 20:00:00,8.81
2025-11-02 21:00:00,10.34
2025-11-02 22:00:00,8.22
2025-11-02 23:00:00,8.19
2025-11-03 00:00:00,8.57
2025-11-03 01:00:00,8.84
2025-11-03 02:00:00,8.42
2025-11-03 03:00:00,8.39
2025-11-03 04:00:00,9.15
2025-11-03 05:00:00,10.03
2025-11-03 06:00:00,10.58
2025-11-03 07:00:00,21.18
2025-11-03 08:00:00,27.62
2025-11-03 09:00:00,33.79
2025-11-03 10:00:00,39.36
2025-11-03 11:00:00,39.59
2025-11-03 12:00:00,40.69
2025-11-03 13:00:00,43.61
2025-11-03 14:00:00,38.53
2025-11-03 15:00:00,40.48
2025-11-03 16:00:00,39.07
2025-11-03 17:00:00,38.9
2025-11-03 18:00:00,37.67
2025-11-03 19:00:00,33.0
2025-11-03 20:00:00,26.62
2025-11-03 21:00:00,17.98
2025-11-03 22:00:00,13.56
2025-11-03 23:00:00,12.01
2025-11-04 00:00:00,11.48
2025-11-04 01:00:00,10.67
2025-11-04 02:00:00,10.47
2025-11-04 03:00:00,9.17
2025-11-04 04:00:00,10.17
2025-11-04 05:00:00,10.32
2025-11-04 06:00:00,11.42
2025-11-04 07:00:00,21.24
2025-11-04 08:00:00,26.29
2025-11-04 09:00:00,35.62
2025-11-04 10:00:00,40.15
2025-11-04 11:00:00,40.34
2025-11-04 12:00:00,40.48
2025-11-04 13:00:00,40.85
2025-11-04 14:00:00,36.86
2025-11-04 15:00:00,37.92
2025-11-04 16:00:00,39.56
2025-11-04 17:00:00,39.55
2025-11-04 18:00:00,38.33
2025-11-04 19:00:00,32.95
2025-11-04 20:00:00,26.19
2025-11-04 21:00:00,17.11
2025-11-04 22:00:00,13.74
2025-11-04 23:00:00,10.22
2025-11-05 00:00:00,8.93
2025-11-05 01:00:00,9.56
2025-11-05 02:00:00,9.89
2025-11-05 03:00:00,9.18
2025-11-05 04:00:00,10.75
2025-11-05 05:00:00,9.78
2025-11-05 06:00:00,11.41
2025-11-05 07:00:00,20.04
2025-11-05 08:00:00,25.03
2025-11-05 09:00:00,32.93
2025-11-05 10:00:00,38.03
2025-11-05 11:00:00,40.66
2025-11-05 12:00:00,41.81
2025-11-05 13:00:00,42.98
2025-11-05 14:00:00,38.34
2025-11-05 15:00:00,38.79
2025-11-05 16:00:00,40.32
2025-11-05 17:00:00,40.07
2025-11-05 18:00:00,
2025-11-05 19:00:00,
2025-11-05 20:00:00,26.87
2025-11-05 21:00:00,16.88
2025-11-05 22:00:00,13.73
2025-11-05 23:00:00,9.62
2025-11-06 00:00:00,8.96
2025-11-06 01:00:00,9.52
2025-11-06 02:00:00,9.45
2025-11-06 03:00:00,8.33
2025-11-06 04:00:00,10.82
2025-11-06 05:00:00,11.15
2025-11-06 06:00:00,11.69
2025-11-06 07:00:00,21.21
2025-11-06 08:00:00,27.25
2025-11-06 09:00:00,34.92
2025-11-06 10:00:00,39.75
2025-11-06 11:00:00,38.86
2025-11-06 12:00:00,38.99
2025-11-06 13:00:00,40.25
2025-11-06 14:00:00,34.23
2025-11-06 15:00:00,38.8
2025-11-06 16:00:00,38.18
2025-11-06 17:00:00,38.53
2025-11-06 18:00:00,37.6
2025-11-06 19:00:00,31.02
2025-11-06 20:00:00,26.25
2025-11-06 21:00:00,17.57
2025-11-06 22:00:00,13.64
2025-11-06 23:00:00,12.33
2025-11-07 00:00:00,9.96
2025-11-07 01:00:00,9.37
2025-11-07 02:00:00,9.57
2025-11-07 03:00:00,8.8
2025-11-07 04:00:00,10.22
2025-11-07 05:00:00,10.39
2025-11-07 06:00:00,11.1
2025-11-07 07:00:00,20.64
2025-11-07 08:00:00,25.13
2025-11-07 09:00:00,35.7
2025-11-07 10:00:00,38.65
2025-11-07 11:00:00,39.11
2025-11-07 12:00:00,41.07
2025-11-07 13:00:00,38.88
2025-11-07 14:00:00,33.44
2025-11-07 15:00:00,35.39
2025-11-07 16:00:00,37.49
2025-11-07 17:00:00,37.38
2025-11-07 18:00:00,35.88
2025-11-07 19:00:00,30.13
2025-11-07 20:00:00,23.46
2025-11-07 21:00:00,12.65
2025-11-07 22:00:00,12.71
2025-11-07 23:00:00,9.31
2025-11-08 00:00:00,10.23
2025-11-08 01:00:00,9.03
2025-11-08 02:00:00,10.19
2025-11-08 03:00:00,9.21
2025-11-08 04:00:00,10.33
2025-11-08 05:00:00,9.4
2025-11-08 06:00:00,9.06
2025-11-08 07:00:00,9.62
2025-11-08 08:00:00,11.0
2025-11-08 09:00:00,11.04
2025-11-08 10:00:00,12.09
2025-11-08 11:00:00,11.94
2025-11-08 12:00:00,12.5
2025-11-08 13:00:00,11.7
2025-11-08 14:00:00,11.85
2025-11-08 15:00:00,10.78
2025-11-08 16:00:00,12.35
2025-11-08 17:00:00,10.19
2025-11-08 18:00:00,10.1
2025-11-08 19:00:00,9.83
2025-11-08 20:00:00,9.81
2025-11-08 21:00:00,11.27
2025-11-08 22:00:00,9.04
2025-11-08 23:00:00,8.47
2025-11-09 00:00:00,8.64
2025-11-09 01:00:00,8.89
2025-11-09 02:00:00,8.54
2025-11-09 03:00:00,8.42
2025-11-09 04:00:00,9.8
2025-11-09 05:00:00,8.18
2025-11-09 06:00:00,8.56
2025-11-09 07:00:00,8.64
2025-11-09 08:00:00,9.91
2025-11-09 09:00:00,16.49
2025-11-09 10:00:00,15.39
2025-11-09 11:00:00,15.51
2025-11-09 12:00:00,9.28
2025-11-09 13:00:00,9.62
2025-11-09 14:00:00,9.42
2025-11-09 15:00:00,9.57
2025-11-09 16:00:00,9.05
2025-11-09 17:00:00,8.89
2025-11-09 18:00:00,9.02
2025-11-09 19:00:00,8.56
2025-11-09 20:00:00,8.26
2025-11-09 21:00:00,10.27
2025-11-09 22:00:00,8.58
2025-11-09 23:00:00,8.91
2025-11-10 00:00:00,8.6
2025-11-10 01:00:00,8.91
2025-11-10 02:00:00,8.46
2025-11-10 03:00:00,8.83
2025-11-10 04:00:00,9.69
2025-11-10 05:00:00,10.89
2025-11-10 06:00:00,10.76
2025-11-10 07:00:00,21.24
2025-11-10 08:00:00,26.45
2025-11-10 09:00:00,35.39
2025-11-10 10:00:00,40.09
2025-11-10 11:00:00,39.85
2025-11-10 12:00:00,40.06
2025-11-10 13:00:00,41.03
2025-11-10 14:00:00,36.2
2025-11-10 15:00:00,37.59
2025-11-10 16:00:00,38.21
2025-11-10 17:00:00,37.0
2025-11-10 18:00:00,36.23
2025-11-10 19:00:00,31.83
2025-11-10 20:00:00,24.7
2025-11-10 21:00:00,19.15
2025-11-10 22:00:00,11.81
2025-11-10 23:00:00,11.67
2025-11-11 00:00:00,9.59
2025-11-11 01:00:00,9.6
2025-11-11 02:00:00,9.26
2025-11-11 03:00:00,9.0
2025-11-11 04:00:00,10.19
2025-11-11 05:00:00,10.98
2025-11-11 06:00:00,10.91
2025-11-11 07:00:00,20.39
2025-11-11 08:00:00,26.21
2025-11-11 09:00:00,37.83
2025-11-11 10:00:00,42.34
2025-11-11 11:00:00,42.65
2025-11-11 12:00:00,41.68
2025-11-11 13:00:00,43.56
2025-11-11 14:00:00,39.18
2025-11-11 15:00:00,39.66
2025-11-11 16:00:00,40.33
2025-11-11 17:00:00,39.76
2025-11-11 18:00:00,38.96
2025-11-11 19:00:00,33.23
2025-11-11 20:00:00,27.25
2025-11-11 21:00:00,12.67
2025-11-11 22:00:00,13.2
2025-11-11 23:00:00,11.68
2025-11-12 00:00:00,10.87
2025-11-12 01:00:00,10.97
2025-11-12 02:00:00,9.96
2025-11-12 03:00:00,9.64
2025-11-12 04:00:00,10.99
2025-11-12 05:00:00,10.8
2025-11-12 06:00:00,11.26
2025-11-12 07:00:00,20.45
2025-11-12 08:00:00,26.1
2025-11-12 09:00:00,32.56
2025-11-12 10:00:00,36.09
2025-11-12 11:00:00,36.41
2025-11-12 12:00:00,30.8
2025-11-12 13:00:00,37.5
2025-11-12 14:00:00,33.55
2025-11-12 15:00:00,34.69
2025-11-12 16:00:00,35.17
2025-11-12 17:00:00,34.98
2025-11-12 18:00:00,34.06
2025-11-12 19:00:00,28.35
2025-11-12 20:00:00,
2025-11-12 21:00:00,
2025-11-12 22:00:00,
2025-11-12 23:00:00,
2025-11-13 00:00:00,
2025-11-13 01:00:00,
2025-11-13 02:00:00,
2025-11-13 03:00:00,
2025-11-13 04:00:00,
2025-11-13 05:00:00,
2025-11-13 06:00:00,
2025-11-13 07:00:00,
2025-11-13 08:00:00,
2025-11-13 09:00:00,
2025-11-13 10:00:00,
2025-11-13 11:00:00,
2025-11-13 12:00:00,
2025-11-13 13:00:00,
2025-11-13 14:00:00,
2025-11-13 15:00:00,
2025-11-13 16:00:00,
2025-11-13 17:00:00,
2025-11-13 18:00:00,
2025-11-13 19:00:00,
2025-11-13 20:00:00,
2025-11-13 21:00:00,
2025-11-13 22:00:00,
2025-11-13 23:00:00,
2025-11-14 00:00:00,
2025-11-14 01:00:00,
2025-11-14 02:00:00,
2025-11-14 03:00:00,
2025-11-14 04:00:00,
2025-11-14 05:00:00,
2025-11-14 06:00:00,
2025-11-14 07:00:00,
2025-11-14 08:00:00,
2025-11-14 09:00:00,
2025-11-14 10:00:00,
2025-11-14 11:00:00,
2025-11-14 12:00:00,39.18
2025-11-14 13:00:00,39.47
2025-11-14 14:00:00,34.64
2025-11-14 15:00:00,39.12
2025-11-14 16:00:00,38.11
2025-11-14 17:00:00,38.8
2025-11-14 18:00:00,36.63
2025-11-14 19:00:00,30.57
2025-11-14 20:00:00,25.64
2025-11-14 21:00:00,16.94
2025-11-14 22:00:00,14.07
2025-11-14 23:00:00,9.73
2025-11-15 00:00:00,9.52
2025-11-15 01:00:00,9.26
2025-11-15 02:00:00,9.1
2025-11-15 03:00:00,9.11
2025-11-15 04:00:00,9.47
2025-11-15 05:00:00,8.89
2025-11-15 06:00:00,9.32
2025-11-15 07:00:00,9.65
2025-11-15 08:00:00,12.4
2025-11-15 09:00:00,11.45
2025-11-15 10:00:00,11.8
2025-11-15 11:00:00,10.88
2025-11-15 12:00:00,11.86
2025-11-15 13:00:00,11.39
2025-11-15 14:00:00,11.64
2025-11-15 15:00:00,9.89
2025-11-15 16:00:00,10.65
2025-11-15 17:00:00,10.59
2025-11-15 18:00:00,10.78
2025-11-15 19:00:00,10.81
2025-11-15 20:00:00,10.53
2025-11-15 21:00:00,10.88
2025-11-15 22:00:00,9.0
2025-11-15 23:00:00,8.89
2025-11-16 00:00:00,8.37
2025-11-16 01:00:00,8.88
2025-11-16 02:00:00,8.34
2025-11-16 03:00:00,8.71
2025-11-16 04:00:00,8.56
2025-11-16 05:00:00,8.88
2025-11-16 06:00:00,8.26
2025-11-16 07:00:00,8.74
2025-11-16 08:00:00,8.32
2025-11-16 09:00:00,8.85
2025-11-16 10:00:00,11.33
2025-11-16 11:00:00,8.72
2025-11-16 12:00:00,8.86
2025-11-16 13:00:00,9.09
2025-11-16 14:00:00,8.87
2025-11-16 15:00:00,9.43
2025-11-16 16:00:00,8.86
2025-11-16 17:00:00,9.36
2025-11-16 18:00:00,8.26
2025-11-16 19:00:00,8.81
2025-11-16 20:00:00,9.5
2025-11-16 21:00:00,9.67
2025-11-16 22:00:00,8.63
2025-11-16 23:00:00,9.15
2025-11-17 00:00:00,8.4
2025-11-17 01:00:00,8.58
2025-11-17 02:00:00,8.39
2025-11-17 03:00:00,8.39
2025-11-17 04:00:00,9.17
2025-11-17 05:00:00,10.12
2025-11-17 06:00:00,10.86
2025-11-17 07:00:00,20.35
2025-11-17 08:00:00,26.13
2025-11-17 09:00:00,34.89
2025-11-17 10:00:00,39.04
2025-11-17 11:00:00,39.66
2025-11-17 12:00:00,39.7
2025-11-17 13:00:00,41.68
2025-11-17 14:00:00,36.91
2025-11-17 15:00:00,38.37
2025-11-17 16:00:00,39.3
2025-11-17 17:00:00,37.53
2025-11-17 18:00:00,36.76
2025-11-17 19:00:00,31.84
2025-11-17 20:00:00,26.3
2025-11-17 21:00:00,18.43
2025-11-17 22:00:00,13.7
2025-11-17 23:00:00,11.08
2025-11-18 00:00:00,9.33
2025-11-18 01:00:00,10.3
2025-11-18 02:00:00,10.23
2025-11-18 03:00:00,9.11
2025-11-18 04:00:00,9.32
2025-11-18 05:00:00,11.18
2025-11-18 06:00:00,11.01
2025-11-18 07:00:00,21.0
2025-11-18 08:00:00,26.04
2025-11-18 09:00:00,37.27
2025-11-18 10:00:00,41.1
2025-11-18 11:00:00,40.07
2025-11-18 12:00:00,39.64
2025-11-18 13:00:00,40.65
2025-11-18 14:00:00,35.97
2025-11-18 15:00:00,37.53
2025-11-18 16:00:00,38.07
2025-11-18 17:00:00,38.83
2025-11-18 18:00:00,36.3
2025-11-18 19:00:00,30.76
2025-11-18 20:00:00,25.06
2025-11-18 21:00:00,19.71
2025-11-18 22:00:00,13.92
2025-11-18 23:00:00,11.76
2025-11-19 00:00:00,10.18
2025-11-19 01:00:00,9.8
2025-11-19 02:00:00,9.93
2025-11-19 03:00:00,9.31
2025-11-19 04:00:00,9.82
2025-11-19 05:00:00,10.7
2025-11-19 06:00:00,11.2
2025-11-19 07:00:00,21.02
2025-11-19 08:00:00,26.61
2025-11-19 09:00:00,34.9
2025-11-19 10:00:00,39.59
